experiment,profile,label,iper_tokens_per_episode,ensr_tokens_per_episode,iper_success_rate,ensr_success_rate,iper_mean_score,ensr_mean_score,iper_model_calls,ensr_model_calls,iper_retrieval_calls,ensr_retrieval_calls,iper_total_tokens,ensr_total_tokens,model_call_ratio,token_ratio,retrieval_ratio,additional_successes
E13,bit_qwen3_235b,E13,386435.7444444444,9379.077777777778,7.777777777777778,32.22222222222222,24.866666666666667,49.21111111111111,2110,273,235,468,34779217,844117,0.12938388625592417,0.024270730419261595,1.9914893617021276,22
E14,bit_qwen3_0_6b,0.6B,125231.43333333333,9887.966666666667,3.3333333333333335,16.666666666666668,7.366666666666666,31.666666666666668,439,84,46,92,3756943,296639,0.19134396355353075,0.07895754606870532,2.0,4
E14,bit_qwen3_235b,235B,412734.93333333335,9322.233333333334,10.0,33.333333333333336,24.8,49.36666666666667,776,93,76,159,12382048,279667,0.11984536082474227,0.0225864897309395,2.0921052631578947,7
E14,bit_qwen3_32b,32B,402740.5333333333,6572.966666666666,16.666666666666668,26.666666666666668,33.233333333333334,48.36666666666667,616,91,39,150,12082216,197189,0.14772727272727273,0.01632059880406045,3.8461538461538463,3
E14,bit_qwen3_8b,8B,71712.96666666666,11087.4,6.666666666666667,26.666666666666668,17.333333333333332,43.93333333333333,170,104,33,132,2151389,332622,0.611764705882353,0.15460802300281354,4.0,6
E14,bit_ceep_70b,CEEP,17547.633333333335,7389.533333333334,3.3333333333333335,20.0,8.033333333333333,42.36666666666667,89,91,54,183,526429,221686,1.0224719101123596,0.4211128186327121,3.388888888888889,5
E15,bit_qwen3_32b_clean,C-32B,27368.133333333335,12464.333333333334,0.0,13.333333333333334,1.8666666666666667,35.13333333333333,237,95,36,158,821044,373930,0.4008438818565401,0.4554323519811362,4.388888888888889,4
E15,bit_ceep_70b_clean,C-70B,68593.1,13183.333333333334,0.0,20.0,1.8666666666666667,35.56666666666667,834,113,45,160,2057793,395500,0.1354916067146283,0.19219620243629948,3.5555555555555554,6
E15,bit_qwen3_8b_clean,C-8B,131455.1,24392.8,0.0,10.0,2.6666666666666665,27.733333333333334,958,125,43,135,3943653,731784,0.1304801670146138,0.18555993643456967,3.13953488372093,3
E15R,bit_qwen3_8b_recovery_v1,R-8B,59096.23333333333,20654.133333333335,0.0,16.666666666666668,1.6666666666666667,34.233333333333334,637,123,39,148,1772887,619624,0.19309262166405022,0.3494999963336637,3.7948717948717947,5
