experiment,profile,label,model_call_ratio_ensr_over_iper,token_ratio_ensr_over_iper,retrieval_ratio_ensr_over_iper
E13,bit_qwen3_235b,E13,0.12938388625592417,0.024270730419261595,1.9914893617021276
E14,bit_qwen3_0_6b,0.6B,0.19134396355353075,0.07895754606870532,2.0
E14,bit_qwen3_235b,235B,0.11984536082474227,0.0225864897309395,2.0921052631578947
E14,bit_qwen3_32b,32B,0.14772727272727273,0.01632059880406045,3.8461538461538463
E14,bit_qwen3_8b,8B,0.611764705882353,0.15460802300281354,4.0
E14,bit_ceep_70b,CEEP,1.0224719101123596,0.4211128186327121,3.388888888888889
E15,bit_qwen3_32b_clean,C-32B,0.4008438818565401,0.4554323519811362,4.388888888888889
E15,bit_ceep_70b_clean,C-70B,0.1354916067146283,0.19219620243629948,3.5555555555555554
E15,bit_qwen3_8b_clean,C-8B,0.1304801670146138,0.18555993643456967,3.13953488372093
E15R,bit_qwen3_8b_recovery_v1,R-8B,0.19309262166405022,0.3494999963336637,3.7948717948717947
