public_case_id,figure_case_number,perturbation_type,method,terminal_success,persistent_obligation_resolved_correctly,unsupported_action,repair_locality_success,evidence_trace_complete,avoidable_rework_count,retrieval_calls
DYN01,049,failed_action_effect,B4,0,0,1,0,0,1,0
DYN01,049,failed_action_effect,ENSR_base,1,1,0,1,1,0,0
DYN01,049,failed_action_effect,full_ENSR,1,1,0,1,1,0,0
DYN02,050,learner_intent_change,B4,0,0,0,1,0,0,0
DYN02,050,learner_intent_change,ENSR_base,0,0,0,1,0,0,0
DYN02,050,learner_intent_change,full_ENSR,1,1,0,1,1,0,0
DYN03,051,new_evidence_available,B4,0,0,0,1,0,0,0
DYN03,051,new_evidence_available,ENSR_base,0,0,0,1,1,0,1
DYN03,051,new_evidence_available,full_ENSR,1,1,0,1,1,0,1
DYN04,053,applicability_scope_change,B4,0,0,0,1,0,0,0
DYN04,053,applicability_scope_change,ENSR_base,0,0,0,1,0,0,1
DYN04,053,applicability_scope_change,full_ENSR,1,1,0,1,1,0,1
DYN05,054,failed_action_effect,B4,0,0,0,1,0,0,0
DYN05,054,failed_action_effect,ENSR_base,1,1,0,1,1,0,0
DYN05,054,failed_action_effect,full_ENSR,1,1,0,1,1,0,0
DYN06,055,learner_intent_change,B4,0,0,0,1,0,0,0
DYN06,055,learner_intent_change,ENSR_base,0,0,0,1,0,0,0
DYN06,055,learner_intent_change,full_ENSR,1,1,0,1,1,0,0
DYN07,056,new_evidence_available,B4,0,0,0,1,0,0,0
DYN07,056,new_evidence_available,ENSR_base,0,0,0,1,1,0,1
DYN07,056,new_evidence_available,full_ENSR,1,1,0,1,1,0,1
DYN08,058,applicability_scope_change,B4,0,0,0,1,0,0,0
DYN08,058,applicability_scope_change,ENSR_base,0,0,0,1,0,0,1
DYN08,058,applicability_scope_change,full_ENSR,1,1,0,1,1,0,1
DYN09,059,failed_action_effect,B4,0,0,0,1,0,0,0
DYN09,059,failed_action_effect,ENSR_base,1,1,0,1,1,0,0
DYN09,059,failed_action_effect,full_ENSR,1,1,0,1,1,0,0
DYN10,060,learner_intent_change,B4,0,0,0,1,0,0,0
DYN10,060,learner_intent_change,ENSR_base,0,0,0,1,0,0,0
DYN10,060,learner_intent_change,full_ENSR,1,1,0,1,1,0,0
