participant_code,internal_condition,pre_total,post_total
P027,ensr,7.0,9.0
P042,b4,3.0,5.0
P061,b4,3.0,7.0
P001,ensr,3.0,8.0
P017,b4,4.0,3.0
P055,ensr,5.0,9.0
P022,ensr,4.0,8.0
P033,b4,1.0,2.0
P037,b4,4.0,5.0
P047,ensr,3.0,7.0
P020,b4,2.0,6.0
P003,ensr,5.0,7.0
P065,b4,7.0,9.0
P012,ensr,4.0,7.0
P038,ensr,5.0,9.0
P004,b4,7.0,8.0
P067,ensr,6.0,9.0
P011,b4,8.0,9.0
P069,b4,3.0,7.0
P063,ensr,4.0,6.0
P045,b4,9.0,10.0
P002,ensr,7.0,9.0
P044,b4,7.0,
P021,ensr,6.0,8.0
P053,b4,7.0,8.0
P076,ensr,3.0,5.0
P062,ensr,2.0,8.0
P036,b4,7.0,10.0
P008,b4,7.0,6.0
P014,ensr,8.0,10.0
P077,b4,8.0,9.0
P056,ensr,4.0,10.0
P005,ensr,7.0,
P035,ensr,6.0,9.0
P023,b4,5.0,8.0
P057,b4,5.0,7.0
P050,b4,5.0,5.0
P032,ensr,7.0,9.0
P052,b4,9.0,9.0
P013,ensr,6.0,8.0
P024,b4,4.0,8.0
P026,ensr,5.0,10.0
P046,ensr,4.0,9.0
P075,b4,4.0,6.0
P058,b4,2.0,7.0
P015,ensr,6.0,8.0
P016,b4,7.0,8.0
P029,ensr,2.0,6.0
P071,ensr,6.0,9.0
P040,ensr,1.0,6.0
P019,b4,3.0,7.0
P018,b4,3.0,4.0
P074,b4,2.0,4.0
P006,ensr,3.0,7.0
P031,ensr,6.0,7.0
P060,b4,7.0,9.0
P068,b4,5.0,6.0
P066,ensr,7.0,10.0
P054,ensr,3.0,10.0
P079,b4,4.0,4.0
P041,b4,8.0,9.0
P049,ensr,5.0,8.0
P072,b4,1.0,3.0
P039,ensr,7.0,9.0
P070,ensr,5.0,9.0
P009,ensr,2.0,7.0
P007,b4,6.0,6.0
P080,b4,3.0,5.0
P043,ensr,6.0,10.0
P025,b4,7.0,9.0
P028,ensr,2.0,10.0
P010,b4,4.0,7.0
P064,b4,8.0,9.0
P051,b4,6.0,10.0
P048,ensr,6.0,5.0
P030,ensr,5.0,10.0
P078,ensr,8.0,9.0
P073,ensr,5.0,9.0
P059,b4,5.0,6.0
P034,b4,5.0,9.0
