participant_code,internal_condition,narrative_mean
P027,ensr,16.0
P042,b4,9.5
P061,b4,9.0
P001,ensr,12.0
P017,b4,12.5
P055,ensr,13.5
P022,ensr,11.5
P033,b4,4.5
P037,b4,10.0
P047,ensr,11.0
P020,b4,7.0
P003,ensr,12.0
P065,b4,12.0
P012,ensr,13.0
P038,ensr,14.0
P004,b4,9.5
P067,ensr,12.5
P011,b4,9.5
P069,b4,7.5
P063,ensr,12.5
P045,b4,10.0
P002,ensr,16.0
P021,ensr,13.0
P053,b4,7.5
P076,ensr,10.0
P062,ensr,8.5
P036,b4,11.0
P008,b4,12.0
P014,ensr,13.0
P077,b4,13.5
P056,ensr,12.0
P035,ensr,9.5
P023,b4,12.5
P057,b4,14.0
P050,b4,12.0
P032,ensr,12.5
P052,b4,13.0
P013,ensr,14.5
P024,b4,7.5
P026,ensr,11.0
P046,ensr,12.5
P075,b4,8.5
P058,b4,7.0
P015,ensr,15.0
P016,b4,11.0
P029,ensr,9.0
P071,ensr,13.5
P040,ensr,12.0
P019,b4,7.5
P018,b4,7.5
P074,b4,8.0
P006,ensr,12.0
P031,ensr,12.0
P060,b4,10.0
P068,b4,7.0
P066,ensr,12.5
P054,ensr,11.5
P079,b4,9.0
P041,b4,13.5
P049,ensr,13.5
P072,b4,11.0
P039,ensr,13.5
P070,ensr,12.5
P009,ensr,10.5
P007,b4,13.5
P080,b4,9.0
P043,ensr,12.5
P025,b4,13.0
P028,ensr,8.0
P010,b4,9.5
P064,b4,11.5
P051,b4,10.0
P048,ensr,8.5
P030,ensr,12.5
P078,ensr,10.0
P073,ensr,12.5
P059,b4,9.0
P034,b4,10.5
