participant_code,internal_condition,post_total,delayed_total
P052,ensr,9.0,10.0
P044,b4,5.0,4.0
P070,b4,7.0,4.0
P072,ensr,8.0,9.0
P043,b4,3.0,2.0
P061,ensr,9.0,8.0
P022,ensr,8.0,9.0
P021,b4,2.0,
P060,b4,5.0,5.0
P067,ensr,7.0,5.0
P068,b4,6.0,4.0
P063,ensr,7.0,8.0
P062,b4,9.0,9.0
P040,ensr,7.0,5.0
P015,ensr,9.0,10.0
P071,b4,8.0,9.0
P049,ensr,9.0,6.0
P053,b4,9.0,10.0
P003,b4,7.0,5.0
P048,ensr,6.0,7.0
P033,b4,10.0,10.0
P037,ensr,9.0,9.0
P079,b4,,
P002,ensr,8.0,8.0
P014,b4,8.0,7.0
P056,ensr,5.0,3.0
P011,ensr,8.0,
P066,b4,10.0,
P024,b4,6.0,6.0
P076,ensr,10.0,
P031,b4,9.0,7.0
P004,ensr,10.0,9.0
P012,ensr,,
P026,ensr,9.0,9.0
P027,b4,8.0,8.0
P059,b4,7.0,9.0
P065,b4,5.0,4.0
P054,ensr,9.0,8.0
P009,b4,9.0,9.0
P020,ensr,8.0,8.0
P010,b4,8.0,8.0
P025,ensr,10.0,9.0
P007,ensr,9.0,7.0
P005,b4,6.0,6.0
P080,b4,7.0,
P019,ensr,8.0,8.0
P030,b4,8.0,8.0
P039,ensr,6.0,6.0
P057,ensr,9.0,9.0
P075,ensr,6.0,3.0
P041,b4,7.0,
P074,b4,4.0,6.0
P008,b4,4.0,4.0
P069,ensr,7.0,6.0
P001,ensr,7.0,8.0
P050,b4,9.0,8.0
P047,b4,6.0,6.0
P029,ensr,10.0,10.0
P013,ensr,10.0,9.0
P058,b4,4.0,
P006,b4,9.0,9.0
P036,ensr,8.0,9.0
P032,b4,3.0,2.0
P042,ensr,9.0,8.0
P078,ensr,9.0,7.0
P023,ensr,7.0,6.0
P018,b4,6.0,7.0
P055,b4,5.0,5.0
P016,ensr,10.0,8.0
P034,b4,9.0,7.0
P028,ensr,10.0,9.0
P045,b4,7.0,6.0
P064,b4,9.0,8.0
P017,b4,10.0,8.0
P035,ensr,5.0,7.0
P077,ensr,10.0,10.0
P073,ensr,9.0,8.0
P051,ensr,9.0,
P038,b4,6.0,5.0
P046,b4,9.0,9.0
