case_id,case_number,case_family,method,grounded_task_success,decision_type_exact,evidence_coverage,locked_intent_preserved,unsupported_action_count,invalid_action_count,avoidable_rework_count
lq_049_test_compositional_choices,049,compositional_choices,b0_full_context,False,True,0.8333333333333334,True,1,0,0
lq_049_test_compositional_choices,049,compositional_choices,b1_rag,False,True,0.6666666666666666,True,1,0,0
lq_049_test_compositional_choices,049,compositional_choices,b2_kg_rag,False,False,1.0,True,0,0,0
lq_049_test_compositional_choices,049,compositional_choices,b4_sequential,False,False,1.0,True,0,0,0
lq_049_test_compositional_choices,049,compositional_choices,iper_rag,True,True,1.0,True,0,0,0
lq_049_test_compositional_choices,049,compositional_choices,ensr,True,True,1.0,True,0,0,0
lq_050_test_compositional_choices,050,compositional_choices,b0_full_context,False,True,0.8333333333333334,True,1,0,0
lq_050_test_compositional_choices,050,compositional_choices,b1_rag,False,True,0.8333333333333334,True,1,0,0
lq_050_test_compositional_choices,050,compositional_choices,b2_kg_rag,False,False,1.0,True,0,0,0
lq_050_test_compositional_choices,050,compositional_choices,b4_sequential,False,False,1.0,True,0,0,0
lq_050_test_compositional_choices,050,compositional_choices,iper_rag,True,True,1.0,True,0,0,0
lq_050_test_compositional_choices,050,compositional_choices,ensr,True,True,1.0,True,0,0,0
lq_051_test_compositional_choices,051,compositional_choices,b0_full_context,False,False,1.0,True,0,5,0
lq_051_test_compositional_choices,051,compositional_choices,b1_rag,False,False,1.0,True,0,5,0
lq_051_test_compositional_choices,051,compositional_choices,b2_kg_rag,True,True,1.0,True,0,0,0
lq_051_test_compositional_choices,051,compositional_choices,b4_sequential,True,True,1.0,True,0,0,0
lq_051_test_compositional_choices,051,compositional_choices,iper_rag,True,True,1.0,True,0,0,0
lq_051_test_compositional_choices,051,compositional_choices,ensr,True,True,1.0,True,0,0,0
lq_052_test_compositional_choices,052,compositional_choices,b0_full_context,False,False,0.0,True,1,0,0
lq_052_test_compositional_choices,052,compositional_choices,b1_rag,False,False,0.0,True,1,0,0
lq_052_test_compositional_choices,052,compositional_choices,b2_kg_rag,True,True,1.0,True,0,0,0
lq_052_test_compositional_choices,052,compositional_choices,b4_sequential,True,True,1.0,True,0,0,0
lq_052_test_compositional_choices,052,compositional_choices,iper_rag,True,True,1.0,True,0,0,0
lq_052_test_compositional_choices,052,compositional_choices,ensr,True,True,1.0,True,0,0,0
lq_053_test_intent_and_rework,053,intent_and_rework,b0_full_context,False,False,1.0,False,0,0,0
lq_053_test_intent_and_rework,053,intent_and_rework,b1_rag,False,False,1.0,False,0,0,0
lq_053_test_intent_and_rework,053,intent_and_rework,b2_kg_rag,True,True,1.0,True,0,0,0
lq_053_test_intent_and_rework,053,intent_and_rework,b4_sequential,True,True,1.0,True,0,0,0
lq_053_test_intent_and_rework,053,intent_and_rework,iper_rag,True,True,1.0,True,0,0,0
lq_053_test_intent_and_rework,053,intent_and_rework,ensr,True,True,1.0,True,0,0,0
lq_054_test_intent_and_rework,054,intent_and_rework,b0_full_context,False,False,1.0,False,0,0,0
lq_054_test_intent_and_rework,054,intent_and_rework,b1_rag,False,False,1.0,False,0,0,0
lq_054_test_intent_and_rework,054,intent_and_rework,b2_kg_rag,True,True,1.0,True,0,0,0
lq_054_test_intent_and_rework,054,intent_and_rework,b4_sequential,True,True,1.0,True,0,0,0
lq_054_test_intent_and_rework,054,intent_and_rework,iper_rag,True,True,1.0,True,0,0,0
lq_054_test_intent_and_rework,054,intent_and_rework,ensr,True,True,1.0,True,0,0,0
lq_055_test_intent_and_rework,055,intent_and_rework,b0_full_context,True,True,1.0,True,0,0,0
lq_055_test_intent_and_rework,055,intent_and_rework,b1_rag,False,True,0.5,False,1,0,1
lq_055_test_intent_and_rework,055,intent_and_rework,b2_kg_rag,True,True,1.0,True,0,0,0
lq_055_test_intent_and_rework,055,intent_and_rework,b4_sequential,True,True,1.0,True,0,0,1
lq_055_test_intent_and_rework,055,intent_and_rework,iper_rag,True,True,1.0,True,0,0,0
lq_055_test_intent_and_rework,055,intent_and_rework,ensr,True,True,1.0,True,0,0,0
lq_056_test_intent_and_rework,056,intent_and_rework,b0_full_context,True,True,1.0,True,0,0,0
lq_056_test_intent_and_rework,056,intent_and_rework,b1_rag,True,True,1.0,True,0,0,0
lq_056_test_intent_and_rework,056,intent_and_rework,b2_kg_rag,True,True,1.0,True,0,0,0
lq_056_test_intent_and_rework,056,intent_and_rework,b4_sequential,True,True,1.0,True,0,0,0
lq_056_test_intent_and_rework,056,intent_and_rework,iper_rag,True,True,1.0,True,0,0,0
lq_056_test_intent_and_rework,056,intent_and_rework,ensr,True,True,1.0,True,0,0,0
lq_057_test_evidence_boundary,057,evidence_boundary,b0_full_context,False,False,0.0,True,1,0,0
lq_057_test_evidence_boundary,057,evidence_boundary,b1_rag,False,False,0.0,True,1,0,0
lq_057_test_evidence_boundary,057,evidence_boundary,b2_kg_rag,True,True,1.0,True,0,0,0
lq_057_test_evidence_boundary,057,evidence_boundary,b4_sequential,True,True,1.0,True,0,0,0
lq_057_test_evidence_boundary,057,evidence_boundary,iper_rag,True,True,1.0,True,0,0,0
lq_057_test_evidence_boundary,057,evidence_boundary,ensr,True,True,1.0,True,0,0,0
lq_058_test_evidence_boundary,058,evidence_boundary,b0_full_context,False,False,0.0,True,1,0,0
lq_058_test_evidence_boundary,058,evidence_boundary,b1_rag,False,False,0.0,True,1,0,0
lq_058_test_evidence_boundary,058,evidence_boundary,b2_kg_rag,True,True,1.0,True,0,0,0
lq_058_test_evidence_boundary,058,evidence_boundary,b4_sequential,True,True,1.0,True,0,0,0
lq_058_test_evidence_boundary,058,evidence_boundary,iper_rag,True,True,1.0,True,0,0,0
lq_058_test_evidence_boundary,058,evidence_boundary,ensr,True,True,1.0,True,0,0,0
lq_059_test_evidence_boundary,059,evidence_boundary,b0_full_context,False,False,1.0,True,0,1,0
lq_059_test_evidence_boundary,059,evidence_boundary,b1_rag,False,False,1.0,True,0,1,0
lq_059_test_evidence_boundary,059,evidence_boundary,b2_kg_rag,True,True,1.0,True,0,0,0
lq_059_test_evidence_boundary,059,evidence_boundary,b4_sequential,True,True,1.0,True,0,0,0
lq_059_test_evidence_boundary,059,evidence_boundary,iper_rag,True,True,1.0,True,0,0,0
lq_059_test_evidence_boundary,059,evidence_boundary,ensr,True,True,1.0,True,0,0,0
lq_060_test_evidence_boundary,060,evidence_boundary,b0_full_context,False,True,0.8333333333333334,True,1,0,0
lq_060_test_evidence_boundary,060,evidence_boundary,b1_rag,False,True,0.8333333333333334,True,1,0,0
lq_060_test_evidence_boundary,060,evidence_boundary,b2_kg_rag,False,False,1.0,True,0,0,0
lq_060_test_evidence_boundary,060,evidence_boundary,b4_sequential,False,False,1.0,True,0,0,0
lq_060_test_evidence_boundary,060,evidence_boundary,iper_rag,True,True,1.0,True,0,0,0
lq_060_test_evidence_boundary,060,evidence_boundary,ensr,True,True,1.0,True,0,0,0
