case_id,case_number,perturbation_type,method,terminal_success,persistent_obligation_resolved_correctly,unsupported_action
dyn_lq_049_test_compositional_choices,049,failed_action_effect,B4,0,0,1
dyn_lq_049_test_compositional_choices,049,failed_action_effect,ENSR_base,1,1,0
dyn_lq_049_test_compositional_choices,049,failed_action_effect,full_ENSR,1,1,0
dyn_lq_050_test_compositional_choices,050,learner_intent_change,B4,0,0,0
dyn_lq_050_test_compositional_choices,050,learner_intent_change,ENSR_base,0,0,0
dyn_lq_050_test_compositional_choices,050,learner_intent_change,full_ENSR,1,1,0
dyn_lq_051_test_compositional_choices,051,new_evidence_available,B4,0,0,0
dyn_lq_051_test_compositional_choices,051,new_evidence_available,ENSR_base,0,0,0
dyn_lq_051_test_compositional_choices,051,new_evidence_available,full_ENSR,1,1,0
dyn_lq_053_test_intent_and_rework,053,applicability_scope_change,B4,0,0,0
dyn_lq_053_test_intent_and_rework,053,applicability_scope_change,ENSR_base,0,0,0
dyn_lq_053_test_intent_and_rework,053,applicability_scope_change,full_ENSR,1,1,0
dyn_lq_054_test_intent_and_rework,054,failed_action_effect,B4,0,0,0
dyn_lq_054_test_intent_and_rework,054,failed_action_effect,ENSR_base,1,1,0
dyn_lq_054_test_intent_and_rework,054,failed_action_effect,full_ENSR,1,1,0
dyn_lq_055_test_intent_and_rework,055,learner_intent_change,B4,0,0,0
dyn_lq_055_test_intent_and_rework,055,learner_intent_change,ENSR_base,0,0,0
dyn_lq_055_test_intent_and_rework,055,learner_intent_change,full_ENSR,1,1,0
dyn_lq_056_test_intent_and_rework,056,new_evidence_available,B4,0,0,0
dyn_lq_056_test_intent_and_rework,056,new_evidence_available,ENSR_base,0,0,0
dyn_lq_056_test_intent_and_rework,056,new_evidence_available,full_ENSR,1,1,0
dyn_lq_058_test_evidence_boundary,058,applicability_scope_change,B4,0,0,0
dyn_lq_058_test_evidence_boundary,058,applicability_scope_change,ENSR_base,0,0,0
dyn_lq_058_test_evidence_boundary,058,applicability_scope_change,full_ENSR,1,1,0
dyn_lq_059_test_evidence_boundary,059,failed_action_effect,B4,0,0,0
dyn_lq_059_test_evidence_boundary,059,failed_action_effect,ENSR_base,1,1,0
dyn_lq_059_test_evidence_boundary,059,failed_action_effect,full_ENSR,1,1,0
dyn_lq_060_test_evidence_boundary,060,learner_intent_change,B4,0,0,0
dyn_lq_060_test_evidence_boundary,060,learner_intent_change,ENSR_base,0,0,0
dyn_lq_060_test_evidence_boundary,060,learner_intent_change,full_ENSR,1,1,0
