case_id,case_number,case_family,method,reviewer_count,mean_domain_correctness,mean_evidence_sufficiency,intent_yes_rate,mean_unsupported_or_unsafe_claims
lq_049_test_compositional_choices,049,compositional_choices,b4_sequential,3,3.3333333333333335,3.3333333333333335,1.0,0.0
lq_049_test_compositional_choices,049,compositional_choices,ensr,3,5.0,5.0,1.0,0.0
lq_050_test_compositional_choices,050,compositional_choices,b4_sequential,3,3.3333333333333335,3.3333333333333335,1.0,0.0
lq_050_test_compositional_choices,050,compositional_choices,ensr,3,5.0,5.0,1.0,0.0
lq_051_test_compositional_choices,051,compositional_choices,b4_sequential,3,4.666666666666667,4.666666666666667,1.0,0.0
lq_051_test_compositional_choices,051,compositional_choices,ensr,3,4.666666666666667,4.666666666666667,1.0,0.0
lq_052_test_compositional_choices,052,compositional_choices,b4_sequential,3,4.0,4.0,1.0,0.0
lq_052_test_compositional_choices,052,compositional_choices,ensr,3,4.0,4.0,1.0,0.0
lq_053_test_intent_and_rework,053,intent_and_rework,b4_sequential,3,5.0,5.0,1.0,0.0
lq_053_test_intent_and_rework,053,intent_and_rework,ensr,3,5.0,5.0,1.0,0.0
lq_054_test_intent_and_rework,054,intent_and_rework,b4_sequential,3,5.0,5.0,1.0,0.0
lq_054_test_intent_and_rework,054,intent_and_rework,ensr,3,5.0,5.0,1.0,0.0
lq_055_test_intent_and_rework,055,intent_and_rework,b4_sequential,3,3.3333333333333335,3.3333333333333335,0.0,1.0
lq_055_test_intent_and_rework,055,intent_and_rework,ensr,3,5.0,5.0,1.0,0.0
lq_056_test_intent_and_rework,056,intent_and_rework,b4_sequential,3,5.0,5.0,1.0,0.0
lq_056_test_intent_and_rework,056,intent_and_rework,ensr,3,5.0,5.0,1.0,0.0
lq_057_test_evidence_boundary,057,evidence_boundary,b4_sequential,3,4.0,4.0,1.0,0.0
lq_057_test_evidence_boundary,057,evidence_boundary,ensr,3,4.0,4.0,1.0,0.0
lq_058_test_evidence_boundary,058,evidence_boundary,b4_sequential,3,4.0,4.0,1.0,0.0
lq_058_test_evidence_boundary,058,evidence_boundary,ensr,3,4.0,4.0,1.0,0.0
lq_059_test_evidence_boundary,059,evidence_boundary,b4_sequential,3,4.0,4.0,1.0,0.0
lq_059_test_evidence_boundary,059,evidence_boundary,ensr,3,4.0,4.0,1.0,0.0
lq_060_test_evidence_boundary,060,evidence_boundary,b4_sequential,3,3.3333333333333335,3.3333333333333335,1.0,0.0
lq_060_test_evidence_boundary,060,evidence_boundary,ensr,3,5.0,5.0,1.0,0.0
