reviewer_code,case_id,case_number,case_family,preference,confidence
R1,lq_058_test_evidence_boundary,058,evidence_boundary,tie,4
R1,lq_049_test_compositional_choices,049,compositional_choices,ensr,5
R1,lq_051_test_compositional_choices,051,compositional_choices,tie,4
R1,lq_060_test_evidence_boundary,060,evidence_boundary,ensr,5
R1,lq_056_test_intent_and_rework,056,intent_and_rework,tie,4
R1,lq_054_test_intent_and_rework,054,intent_and_rework,tie,4
R1,lq_059_test_evidence_boundary,059,evidence_boundary,tie,4
R1,lq_053_test_intent_and_rework,053,intent_and_rework,tie,4
R1,lq_057_test_evidence_boundary,057,evidence_boundary,tie,4
R1,lq_055_test_intent_and_rework,055,intent_and_rework,ensr,5
R1,lq_050_test_compositional_choices,050,compositional_choices,ensr,5
R1,lq_052_test_compositional_choices,052,compositional_choices,tie,4
R2,lq_058_test_evidence_boundary,058,evidence_boundary,tie,5
R2,lq_049_test_compositional_choices,049,compositional_choices,ensr,4
R2,lq_051_test_compositional_choices,051,compositional_choices,tie,5
R2,lq_060_test_evidence_boundary,060,evidence_boundary,ensr,4
R2,lq_056_test_intent_and_rework,056,intent_and_rework,tie,5
R2,lq_054_test_intent_and_rework,054,intent_and_rework,tie,5
R2,lq_059_test_evidence_boundary,059,evidence_boundary,tie,5
R2,lq_053_test_intent_and_rework,053,intent_and_rework,tie,5
R2,lq_057_test_evidence_boundary,057,evidence_boundary,tie,5
R2,lq_055_test_intent_and_rework,055,intent_and_rework,ensr,4
R2,lq_050_test_compositional_choices,050,compositional_choices,ensr,4
R2,lq_052_test_compositional_choices,052,compositional_choices,tie,5
R3,lq_058_test_evidence_boundary,058,evidence_boundary,tie,4
R3,lq_049_test_compositional_choices,049,compositional_choices,ensr,5
R3,lq_051_test_compositional_choices,051,compositional_choices,tie,4
R3,lq_060_test_evidence_boundary,060,evidence_boundary,ensr,5
R3,lq_056_test_intent_and_rework,056,intent_and_rework,tie,4
R3,lq_054_test_intent_and_rework,054,intent_and_rework,tie,4
R3,lq_059_test_evidence_boundary,059,evidence_boundary,tie,4
R3,lq_053_test_intent_and_rework,053,intent_and_rework,tie,4
R3,lq_057_test_evidence_boundary,057,evidence_boundary,tie,4
R3,lq_055_test_intent_and_rework,055,intent_and_rework,ensr,5
R3,lq_050_test_compositional_choices,050,compositional_choices,ensr,5
R3,lq_052_test_compositional_choices,052,compositional_choices,tie,4
