variable,ensr,b4,smd
pre_total,4.90 (1.81),5.12 (2.23),-0.11074362710059749
lantern_familiarity_1_7,2.83 (1.28),2.75 (1.08),0.06336481294504671
pre_form_b,20/40 (50.0%),20/40 (50.0%),0.0
followup_consent,38/40 (95.0%),38/40 (95.0%),0.0
age_group: 18–24,23/40 (57.5%),28/40 (70.0%),-0.26225138878868803
age_group: 25–34,9/40 (22.5%),10/40 (25.0%),-0.05877270993842332
age_group: 35–44,6/40 (15.0%),2/40 (5.0%),0.3380617018914066
age_group: 45–54,2/40 (5.0%),0/40 (0.0%),0.3244428422615251
education: 博士,2/40 (5.0%),2/40 (5.0%),0.0
education: 大专/本科,27/40 (67.5%),32/40 (80.0%),-0.2870057889651457
education: 硕士,6/40 (15.0%),6/40 (15.0%),0.0
education: 高中及以下,5/40 (12.5%),0/40 (0.0%),0.5345224838248488
gaming_frequency: 从不,4/40 (10.0%),3/40 (7.5%),0.08856148855400955
gaming_frequency: 每周1–3次,17/40 (42.5%),10/40 (25.0%),0.37659453565293116
gaming_frequency: 每周4次以上,6/40 (15.0%),7/40 (17.5%),-0.06780635036208103
gaming_frequency: 每月1–3次,7/40 (17.5%),13/40 (32.5%),-0.35172622905632955
gaming_frequency: 每月少于1次,6/40 (15.0%),7/40 (17.5%),-0.06780635036208103
related_experience: 1–3年,0/40 (0.0%),1/40 (2.5%),-0.22645540682891915
related_experience: 无,31/40 (77.5%),31/40 (77.5%),0.0
related_experience: 有，累计不足1年,9/40 (22.5%),8/40 (20.0%),0.061141784051574284
genai_frequency: 从不,2/40 (5.0%),3/40 (7.5%),-0.10341753799900381
genai_frequency: 每周1–3次,11/40 (27.5%),18/40 (45.0%),-0.3702201197435615
genai_frequency: 每周4次以上,7/40 (17.5%),5/40 (12.5%),0.14037248126871926
genai_frequency: 每月1–3次,17/40 (42.5%),8/40 (20.0%),0.5003862495747898
genai_frequency: 每月少于1次,3/40 (7.5%),6/40 (15.0%),-0.23904572186687872
