participant_id,rater_code,factual_consistency_0_4,source_scope_0_4,tradition_personal_0_4,uncertainty_0_4,total_0_16
P001,R1,3.0,3.0,2.0,3.0,11.0
P001,R2,3.0,4.0,2.0,4.0,13.0
P002,R1,4.0,3.0,3.0,3.0,13.0
P002,R2,4.0,3.0,3.0,3.0,13.0
P003,R1,2.0,2.0,2.0,2.0,8.0
P003,R2,2.0,1.0,2.0,2.0,7.0
P004,R1,3.0,3.0,3.0,2.0,11.0
P004,R2,4.0,3.0,3.0,3.0,13.0
P005,R1,2.0,3.0,2.0,2.0,9.0
P005,R2,2.0,2.0,2.0,2.0,8.0
P006,R1,4.0,3.0,3.0,3.0,13.0
P006,R2,4.0,3.0,4.0,3.0,14.0
P007,R1,3.0,3.0,3.0,3.0,12.0
P007,R2,3.0,4.0,3.0,3.0,13.0
P008,R1,2.0,2.0,2.0,2.0,8.0
P008,R2,2.0,2.0,2.0,2.0,8.0
P009,R1,4.0,3.0,4.0,3.0,14.0
P009,R2,3.0,2.0,4.0,3.0,12.0
P010,R1,2.0,1.0,3.0,2.0,8.0
P010,R2,2.0,1.0,3.0,1.0,7.0
P011,R1,2.0,2.0,2.0,2.0,8.0
P011,R2,2.0,2.0,3.0,2.0,9.0
P012,R1,,,,,
P012,R2,,,,,
P013,R1,3.0,4.0,3.0,2.0,12.0
P013,R2,3.0,3.0,3.0,2.0,11.0
P014,R1,2.0,2.0,2.0,2.0,8.0
P014,R2,2.0,2.0,2.0,1.0,7.0
P015,R1,4.0,3.0,4.0,3.0,14.0
P015,R2,4.0,4.0,3.0,3.0,14.0
P016,R1,4.0,3.0,3.0,3.0,13.0
P016,R2,3.0,3.0,3.0,3.0,12.0
P017,R1,3.0,3.0,2.0,2.0,10.0
P017,R2,4.0,2.0,2.0,2.0,10.0
P018,R1,4.0,3.0,4.0,3.0,14.0
P018,R2,4.0,3.0,3.0,3.0,13.0
P019,R1,4.0,3.0,4.0,3.0,14.0
P019,R2,4.0,4.0,4.0,4.0,16.0
P020,R1,3.0,3.0,4.0,4.0,14.0
P020,R2,4.0,3.0,4.0,4.0,15.0
P021,R1,0.0,2.0,1.0,1.0,4.0
P021,R2,1.0,2.0,1.0,1.0,5.0
P022,R1,4.0,3.0,3.0,3.0,13.0
P022,R2,3.0,2.0,3.0,2.0,10.0
P023,R1,3.0,2.0,3.0,2.0,10.0
P023,R2,3.0,3.0,3.0,2.0,11.0
P024,R1,4.0,3.0,2.0,2.0,11.0
P024,R2,3.0,4.0,3.0,3.0,13.0
P025,R1,3.0,2.0,2.0,3.0,10.0
P025,R2,3.0,3.0,3.0,3.0,12.0
P026,R1,3.0,2.0,3.0,2.0,10.0
P026,R2,3.0,2.0,3.0,1.0,9.0
P027,R1,4.0,2.0,3.0,3.0,12.0
P027,R2,4.0,3.0,3.0,3.0,13.0
P028,R1,2.0,2.0,2.0,2.0,8.0
P028,R2,2.0,2.0,2.0,2.0,8.0
P029,R1,3.0,3.0,3.0,3.0,12.0
P029,R2,4.0,3.0,3.0,3.0,13.0
P030,R1,3.0,3.0,3.0,2.0,11.0
P030,R2,3.0,3.0,3.0,2.0,11.0
P031,R1,3.0,3.0,4.0,3.0,13.0
P031,R2,4.0,2.0,4.0,4.0,14.0
P032,R1,3.0,3.0,3.0,2.0,11.0
P032,R2,3.0,3.0,3.0,2.0,11.0
P033,R1,3.0,2.0,2.0,2.0,9.0
P033,R2,3.0,2.0,3.0,3.0,11.0
P034,R1,4.0,3.0,4.0,2.0,13.0
P034,R2,4.0,3.0,4.0,2.0,13.0
P035,R1,3.0,2.0,2.0,1.0,8.0
P035,R2,3.0,3.0,1.0,2.0,9.0
P036,R1,4.0,3.0,3.0,4.0,14.0
P036,R2,4.0,3.0,3.0,3.0,13.0
P037,R1,4.0,4.0,4.0,4.0,16.0
P037,R2,4.0,4.0,4.0,4.0,16.0
P038,R1,3.0,2.0,2.0,2.0,9.0
P038,R2,3.0,2.0,2.0,2.0,9.0
P039,R1,2.0,2.0,2.0,3.0,9.0
P039,R2,2.0,3.0,2.0,2.0,9.0
P040,R1,3.0,4.0,3.0,3.0,13.0
P040,R2,3.0,4.0,3.0,3.0,13.0
P041,R1,3.0,2.0,2.0,2.0,9.0
P041,R2,2.0,2.0,1.0,1.0,6.0
P042,R1,4.0,3.0,3.0,3.0,13.0
P042,R2,4.0,4.0,3.0,3.0,14.0
P043,R1,3.0,3.0,3.0,3.0,12.0
P043,R2,4.0,3.0,3.0,3.0,13.0
P044,R1,3.0,2.0,3.0,3.0,11.0
P044,R2,2.0,2.0,2.0,2.0,8.0
P045,R1,3.0,2.0,2.0,2.0,9.0
P045,R2,2.0,2.0,3.0,3.0,10.0
P046,R1,4.0,2.0,3.0,2.0,11.0
P046,R2,3.0,2.0,3.0,2.0,10.0
P047,R1,2.0,1.0,1.0,2.0,6.0
P047,R2,2.0,2.0,2.0,2.0,8.0
P048,R1,4.0,3.0,3.0,3.0,13.0
P048,R2,3.0,3.0,3.0,3.0,12.0
P049,R1,4.0,3.0,3.0,3.0,13.0
P049,R2,4.0,2.0,3.0,3.0,12.0
P050,R1,2.0,2.0,3.0,2.0,9.0
P050,R2,3.0,3.0,2.0,3.0,11.0
P051,R1,3.0,3.0,3.0,3.0,12.0
P051,R2,3.0,3.0,4.0,3.0,13.0
P052,R1,4.0,4.0,4.0,4.0,16.0
P052,R2,4.0,4.0,4.0,4.0,16.0
P053,R1,3.0,2.0,2.0,2.0,9.0
P053,R2,3.0,3.0,2.0,2.0,10.0
P054,R1,4.0,3.0,2.0,3.0,12.0
P054,R2,4.0,3.0,3.0,3.0,13.0
P055,R1,3.0,2.0,2.0,2.0,9.0
P055,R2,3.0,1.0,3.0,2.0,9.0
P056,R1,3.0,2.0,3.0,2.0,10.0
P056,R2,2.0,3.0,3.0,2.0,10.0
P057,R1,4.0,3.0,4.0,2.0,13.0
P057,R2,4.0,3.0,4.0,3.0,14.0
P058,R1,3.0,2.0,2.0,1.0,8.0
P058,R2,3.0,3.0,2.0,2.0,10.0
P059,R1,4.0,3.0,4.0,3.0,14.0
P059,R2,4.0,3.0,4.0,3.0,14.0
P060,R1,2.0,2.0,3.0,2.0,9.0
P060,R2,3.0,3.0,3.0,2.0,11.0
P061,R1,3.0,4.0,4.0,3.0,14.0
P061,R2,3.0,3.0,4.0,3.0,13.0
P062,R1,4.0,3.0,2.0,2.0,11.0
P062,R2,4.0,3.0,3.0,3.0,13.0
P063,R1,4.0,3.0,3.0,3.0,13.0
P063,R2,3.0,3.0,3.0,2.0,11.0
P064,R1,4.0,2.0,3.0,3.0,12.0
P064,R2,4.0,2.0,3.0,2.0,11.0
P065,R1,4.0,2.0,4.0,2.0,12.0
P065,R2,4.0,3.0,3.0,2.0,12.0
P066,R1,3.0,2.0,2.0,3.0,10.0
P066,R2,3.0,3.0,3.0,3.0,12.0
P067,R1,3.0,3.0,3.0,2.0,11.0
P067,R2,3.0,3.0,3.0,2.0,11.0
P068,R1,2.0,1.0,3.0,2.0,8.0
P068,R2,2.0,0.0,2.0,2.0,6.0
P069,R1,3.0,3.0,3.0,3.0,12.0
P069,R2,3.0,3.0,3.0,3.0,12.0
P070,R1,3.0,1.0,3.0,2.0,9.0
P070,R2,3.0,2.0,2.0,2.0,9.0
P071,R1,3.0,2.0,2.0,2.0,9.0
P071,R2,4.0,1.0,3.0,2.0,10.0
P072,R1,3.0,3.0,3.0,3.0,12.0
P072,R2,4.0,3.0,3.0,2.0,12.0
P073,R1,2.0,3.0,3.0,2.0,10.0
P073,R2,2.0,2.0,4.0,2.0,10.0
P074,R1,2.0,2.0,2.0,2.0,8.0
P074,R2,3.0,1.0,2.0,1.0,7.0
P075,R1,3.0,3.0,3.0,3.0,12.0
P075,R2,3.0,2.0,4.0,3.0,12.0
P076,R1,3.0,3.0,3.0,3.0,12.0
P076,R2,4.0,3.0,4.0,3.0,14.0
P077,R1,4.0,2.0,3.0,3.0,12.0
P077,R2,4.0,3.0,3.0,3.0,13.0
P078,R1,3.0,3.0,4.0,3.0,13.0
P078,R2,2.0,3.0,4.0,3.0,12.0
P079,R1,,,,,
P079,R2,,,,,
P080,R1,3.0,2.0,1.0,1.0,7.0
P080,R2,3.0,2.0,1.0,1.0,7.0
