participant_id,condition,block_id,pretest_form_b,lantern_familiarity_1_7,started,session_completed,withdrawn,technical_failure,pretest_score,posttest_score,knowledge_gain,day7_score,narrative_score_mean,narrative_rater_abs_diff,imi_interest,imi_competence,imi_choice,imi_pressure,sus_total,raw_tlx,rework_indicator,locked_intent_violation,day7_returned,followup_told_others,followup_reviewed_materials,followup_attempted_physical_craft
P001,ensr,B12,1,4,1,1,0,0,6.0,7.0,1.0,8.0,12.0,2.0,4.571428571428571,4.8,5.0,4.4,65.0,40.833333333333336,0.0,0.0,1.0,1.0,1.0,0.0
P002,ensr,B10,1,1,1,1,0,0,6.0,8.0,2.0,8.0,13.0,0.0,5.0,4.2,4.8,3.4,62.5,48.333333333333336,1.0,0.0,1.0,1.0,0.0,0.0
P003,b4,B06,0,3,1,1,0,0,3.0,7.0,4.0,5.0,7.5,1.0,4.428571428571429,4.2,4.2,3.2,77.5,35.0,1.0,0.0,1.0,0.0,0.0,0.0
P004,ensr,B17,0,4,1,1,0,0,4.0,10.0,6.0,9.0,12.0,2.0,5.857142857142857,5.8,5.6,2.8,80.0,12.5,0.0,0.0,1.0,0.0,1.0,0.0
P005,b4,B11,0,1,1,1,0,0,4.0,6.0,2.0,6.0,8.5,1.0,3.857142857142857,5.2,4.8,1.6,82.5,40.0,1.0,0.0,1.0,0.0,0.0,0.0
P006,b4,B05,1,3,1,1,0,0,8.0,9.0,1.0,9.0,13.5,1.0,5.285714285714286,5.2,4.8,3.8,72.5,31.666666666666668,1.0,0.0,1.0,0.0,0.0,0.0
P007,ensr,B11,1,2,1,1,0,0,4.0,9.0,5.0,7.0,12.5,1.0,6.142857142857143,5.4,6.0,3.4,70.0,27.5,0.0,0.0,1.0,0.0,0.0,0.0
P008,b4,B12,1,4,1,1,0,0,2.0,4.0,2.0,4.0,8.0,0.0,5.0,4.6,4.8,2.2,70.0,37.5,1.0,0.0,1.0,0.0,1.0,0.0
P009,b4,B09,0,4,1,1,0,0,9.0,9.0,0.0,9.0,13.0,2.0,6.428571428571429,5.8,5.8,3.2,72.5,52.5,1.0,0.0,1.0,0.0,0.0,0.0
P010,b4,B11,1,3,1,1,0,0,4.0,8.0,4.0,8.0,7.5,1.0,6.0,6.0,5.8,1.8,90.0,28.333333333333332,1.0,0.0,1.0,0.0,1.0,0.0
P011,ensr,B08,0,2,1,1,0,0,2.0,8.0,6.0,,8.5,1.0,4.285714285714286,3.8,4.0,3.6,55.0,50.0,0.0,0.0,0.0,,,
P012,ensr,B20,0,3,1,0,1,0,7.0,,,,,,,,,,,,,0.0,0.0,,,
P013,ensr,B07,0,2,1,1,0,0,3.0,10.0,7.0,9.0,11.5,1.0,6.0,3.8,4.4,4.2,77.5,50.0,0.0,0.0,1.0,0.0,0.0,0.0
P014,b4,B08,1,3,1,1,0,0,7.0,8.0,1.0,7.0,7.5,1.0,5.857142857142857,5.4,5.2,4.0,82.5,38.333333333333336,1.0,0.0,1.0,1.0,0.0,0.0
P015,ensr,B01,0,3,1,1,0,0,5.0,9.0,4.0,10.0,14.0,0.0,6.285714285714286,4.2,6.8,2.8,80.0,47.5,0.0,0.0,1.0,1.0,0.0,0.0
P016,ensr,B16,1,2,1,1,0,0,6.0,10.0,4.0,8.0,12.5,1.0,6.285714285714286,5.8,5.4,3.6,87.5,35.833333333333336,0.0,0.0,1.0,1.0,0.0,0.0
P017,b4,B13,1,5,1,1,0,0,6.0,10.0,4.0,8.0,10.0,0.0,6.857142857142857,5.0,4.8,2.0,92.5,37.5,1.0,0.0,1.0,1.0,0.0,0.0
P018,b4,B14,0,4,1,1,0,0,6.0,6.0,0.0,7.0,13.5,1.0,4.714285714285714,5.4,4.8,3.6,70.0,27.5,1.0,0.0,1.0,1.0,0.0,0.0
P019,ensr,B02,0,4,1,1,0,0,6.0,8.0,2.0,8.0,15.0,2.0,6.0,6.0,5.4,1.8,87.5,22.5,0.0,0.0,1.0,1.0,0.0,0.0
P020,ensr,B09,1,1,1,1,0,0,6.0,8.0,2.0,8.0,14.5,1.0,4.0,5.8,5.0,2.8,70.0,37.5,0.0,0.0,1.0,1.0,0.0,0.0
P021,b4,B15,0,1,1,1,0,0,1.0,2.0,1.0,,4.5,1.0,3.7142857142857144,4.2,5.2,3.0,60.0,50.833333333333336,1.0,0.0,0.0,,,
P022,ensr,B15,0,3,1,1,0,0,4.0,8.0,4.0,9.0,11.5,3.0,7.0,4.4,6.4,3.0,65.0,38.333333333333336,0.0,0.0,1.0,0.0,0.0,0.0
P023,ensr,B14,1,1,1,1,0,0,2.0,7.0,5.0,6.0,10.5,1.0,5.428571428571429,4.4,4.6,3.0,80.0,39.166666666666664,1.0,0.0,1.0,0.0,0.0,0.0
P024,b4,B17,0,3,1,1,0,0,7.0,6.0,-1.0,6.0,12.0,2.0,4.571428571428571,4.2,5.4,3.4,65.0,59.166666666666664,1.0,0.0,1.0,0.0,1.0,0.0
P025,ensr,B11,0,4,1,1,0,0,5.0,10.0,5.0,9.0,11.0,2.0,5.285714285714286,5.0,3.8,2.8,70.0,43.333333333333336,0.0,0.0,1.0,1.0,0.0,0.0
P026,ensr,B20,1,4,1,1,0,0,6.0,9.0,3.0,9.0,9.5,1.0,5.857142857142857,5.0,6.2,3.4,75.0,44.166666666666664,1.0,0.0,1.0,0.0,0.0,0.0
P027,b4,B20,1,3,1,1,0,1,5.0,8.0,3.0,8.0,12.5,1.0,5.142857142857143,4.8,5.0,3.8,75.0,44.166666666666664,1.0,0.0,1.0,0.0,1.0,0.0
P028,ensr,B16,0,1,1,1,0,0,2.0,10.0,8.0,9.0,8.0,0.0,4.857142857142857,4.8,5.6,3.4,77.5,44.166666666666664,0.0,0.0,1.0,1.0,0.0,0.0
P029,ensr,B07,1,4,1,1,0,0,7.0,10.0,3.0,10.0,12.5,1.0,5.571428571428571,3.6,3.8,2.8,70.0,40.0,0.0,0.0,1.0,0.0,0.0,0.0
P030,b4,B02,0,3,1,1,0,0,7.0,8.0,1.0,8.0,11.0,0.0,4.571428571428571,4.2,5.2,3.6,60.0,40.833333333333336,1.0,0.0,1.0,0.0,0.0,0.0
P031,b4,B17,1,3,1,1,0,0,8.0,9.0,1.0,7.0,13.5,1.0,4.428571428571429,6.0,5.0,2.8,77.5,35.833333333333336,1.0,0.0,1.0,0.0,0.0,0.0
P032,b4,B05,0,3,1,1,0,0,1.0,3.0,2.0,2.0,11.0,0.0,6.0,5.0,4.8,2.2,97.5,25.833333333333332,1.0,0.0,1.0,1.0,0.0,0.0
P033,b4,B10,0,5,1,1,0,0,9.0,10.0,1.0,10.0,10.0,2.0,5.571428571428571,4.8,5.4,2.4,80.0,45.0,1.0,0.0,1.0,0.0,1.0,0.0
P034,b4,B16,1,3,1,1,0,0,7.0,9.0,2.0,7.0,13.0,0.0,5.285714285714286,5.8,4.6,2.6,80.0,40.833333333333336,1.0,0.0,1.0,0.0,0.0,0.0
P035,ensr,B13,1,3,1,1,0,0,6.0,5.0,-1.0,7.0,8.5,1.0,3.857142857142857,5.0,4.8,2.8,70.0,34.166666666666664,0.0,0.0,1.0,0.0,0.0,0.0
P036,ensr,B05,1,4,1,1,0,0,5.0,8.0,3.0,9.0,13.5,1.0,5.714285714285714,4.0,6.0,2.8,82.5,40.833333333333336,0.0,0.0,1.0,1.0,0.0,0.0
P037,ensr,B10,0,3,1,1,0,0,7.0,9.0,2.0,9.0,16.0,0.0,6.714285714285714,4.8,3.6,2.2,85.0,38.333333333333336,0.0,0.0,1.0,1.0,0.0,0.0
P038,b4,B04,0,3,1,1,0,0,5.0,6.0,1.0,5.0,9.0,0.0,5.0,4.8,5.8,3.0,77.5,47.5,1.0,0.0,1.0,0.0,0.0,0.0
P039,ensr,B02,1,1,1,1,0,0,2.0,6.0,4.0,6.0,9.0,0.0,5.142857142857143,5.6,4.6,3.0,80.0,33.333333333333336,0.0,0.0,1.0,1.0,1.0,0.0
P040,ensr,B01,1,2,1,1,0,0,4.0,7.0,3.0,5.0,13.0,0.0,6.571428571428571,4.0,5.2,3.4,75.0,52.5,0.0,0.0,1.0,0.0,0.0,0.0
P041,b4,B18,0,1,1,1,0,0,3.0,7.0,4.0,,7.5,3.0,5.428571428571429,4.2,6.2,3.8,60.0,53.333333333333336,1.0,0.0,0.0,,,
P042,ensr,B05,0,3,1,1,0,0,7.0,9.0,2.0,8.0,13.5,1.0,4.571428571428571,4.6,3.8,2.8,77.5,50.833333333333336,0.0,0.0,1.0,1.0,1.0,0.0
P043,b4,B15,1,1,1,1,0,0,4.0,3.0,-1.0,2.0,12.5,1.0,6.0,4.8,5.6,4.0,80.0,55.833333333333336,1.0,0.0,1.0,0.0,0.0,0.0
P044,b4,B19,1,2,1,1,0,0,3.0,5.0,2.0,4.0,9.5,3.0,5.428571428571429,4.8,5.4,2.4,80.0,44.166666666666664,1.0,0.0,1.0,0.0,0.0,0.0
P045,b4,B16,0,3,1,1,0,0,4.0,7.0,3.0,6.0,9.5,1.0,5.142857142857143,5.6,5.4,3.8,82.5,57.5,1.0,0.0,1.0,1.0,0.0,1.0
P046,b4,B04,1,4,1,1,0,0,5.0,9.0,4.0,9.0,10.5,1.0,4.857142857142857,5.0,5.8,2.0,75.0,38.333333333333336,1.0,0.0,1.0,0.0,0.0,0.0
P047,b4,B07,1,2,1,1,0,0,5.0,6.0,1.0,6.0,7.0,2.0,5.571428571428571,3.2,4.8,2.8,72.5,46.666666666666664,1.0,0.0,1.0,0.0,0.0,0.0
P048,ensr,B06,0,3,1,1,0,0,4.0,6.0,2.0,7.0,12.5,1.0,4.857142857142857,6.0,3.6,1.8,82.5,33.333333333333336,0.0,0.0,1.0,0.0,0.0,0.0
P049,ensr,B06,1,1,1,1,0,0,6.0,9.0,3.0,6.0,12.5,1.0,4.857142857142857,5.4,5.4,3.2,75.0,35.0,0.0,0.0,1.0,0.0,0.0,0.0
P050,b4,B12,0,3,1,1,0,0,7.0,9.0,2.0,8.0,10.0,2.0,5.142857142857143,5.4,4.0,3.0,95.0,26.666666666666668,1.0,0.0,1.0,0.0,0.0,0.0
P051,ensr,B04,1,1,1,1,0,0,5.0,9.0,4.0,,12.5,1.0,4.571428571428571,5.2,3.8,2.2,75.0,39.166666666666664,0.0,0.0,0.0,,,
P052,ensr,B19,0,4,1,1,0,0,7.0,9.0,2.0,10.0,16.0,0.0,5.571428571428571,5.4,6.6,3.2,72.5,46.666666666666664,0.0,0.0,1.0,1.0,0.0,0.0
P053,b4,B06,1,3,1,1,0,0,8.0,9.0,1.0,10.0,9.5,1.0,4.428571428571429,5.0,4.8,3.4,62.5,34.166666666666664,1.0,0.0,1.0,0.0,0.0,0.0
P054,ensr,B09,0,6,1,1,0,0,7.0,9.0,2.0,8.0,12.5,1.0,5.285714285714286,5.0,5.2,4.2,67.5,43.333333333333336,0.0,0.0,1.0,1.0,0.0,1.0
P055,b4,B14,1,2,1,1,0,0,3.0,5.0,2.0,5.0,9.0,0.0,6.285714285714286,3.8,6.0,2.8,60.0,42.5,1.0,0.0,1.0,0.0,0.0,0.0
P056,ensr,B08,1,3,1,1,0,0,3.0,5.0,2.0,3.0,10.0,0.0,4.571428571428571,6.0,4.4,3.0,80.0,30.0,0.0,0.0,1.0,0.0,1.0,0.0
P057,ensr,B18,1,2,1,1,0,0,6.0,9.0,3.0,9.0,13.5,1.0,5.428571428571429,3.8,4.6,4.2,70.0,50.833333333333336,0.0,0.0,1.0,0.0,0.0,0.0
P058,b4,B07,0,1,1,1,0,0,4.0,4.0,0.0,,9.0,2.0,5.571428571428571,5.4,5.6,2.4,75.0,41.666666666666664,1.0,0.0,0.0,,,
P059,b4,B20,0,3,1,1,0,0,5.0,7.0,2.0,9.0,14.0,0.0,4.571428571428571,6.0,5.2,2.6,82.5,23.333333333333332,1.0,0.0,1.0,0.0,0.0,0.0
P060,b4,B03,1,3,1,1,0,0,4.0,5.0,1.0,5.0,10.0,2.0,5.285714285714286,5.4,5.2,2.2,85.0,19.166666666666668,1.0,0.0,1.0,0.0,0.0,0.0
P061,ensr,B15,1,5,1,1,0,0,5.0,9.0,4.0,8.0,13.5,1.0,4.428571428571429,5.4,6.0,3.0,82.5,32.5,0.0,0.0,1.0,1.0,0.0,0.0
P062,b4,B01,0,2,1,1,0,0,7.0,9.0,2.0,9.0,12.0,2.0,4.571428571428571,4.6,6.4,3.6,70.0,45.0,1.0,0.0,1.0,0.0,0.0,0.0
P063,ensr,B03,0,1,1,1,0,0,5.0,7.0,2.0,8.0,12.0,2.0,6.285714285714286,3.6,5.6,2.8,67.5,54.166666666666664,0.0,0.0,1.0,0.0,0.0,0.0
P064,b4,B13,0,3,1,1,0,0,8.0,9.0,1.0,8.0,11.5,1.0,4.714285714285714,6.8,4.6,2.6,80.0,13.333333333333334,1.0,0.0,1.0,0.0,0.0,0.0
P065,b4,B09,1,1,1,1,0,0,5.0,5.0,0.0,4.0,12.0,0.0,4.285714285714286,5.0,5.0,2.8,50.0,49.166666666666664,1.0,0.0,1.0,0.0,0.0,0.0
P066,b4,B08,0,3,1,1,0,0,7.0,10.0,3.0,,11.0,2.0,5.0,4.8,5.4,3.2,77.5,43.333333333333336,1.0,0.0,0.0,,,
P067,ensr,B03,1,3,1,1,0,0,3.0,7.0,4.0,5.0,11.0,0.0,5.428571428571429,4.6,6.6,2.8,70.0,36.666666666666664,0.0,0.0,1.0,1.0,1.0,0.0
P068,b4,B03,0,3,1,1,0,0,2.0,6.0,4.0,4.0,7.0,2.0,6.0,5.0,5.4,3.0,72.5,39.166666666666664,1.0,0.0,1.0,0.0,0.0,0.0
P069,ensr,B12,0,3,1,1,0,0,3.0,7.0,4.0,6.0,12.0,0.0,4.285714285714286,5.8,4.2,1.6,87.5,42.5,0.0,0.0,1.0,1.0,1.0,0.0
P070,b4,B19,0,2,1,1,0,1,3.0,7.0,4.0,4.0,9.0,0.0,5.428571428571429,3.2,5.8,3.8,60.0,41.666666666666664,1.0,0.0,1.0,0.0,0.0,0.0
P071,b4,B01,1,4,1,1,0,0,7.0,8.0,1.0,9.0,9.5,1.0,4.714285714285714,4.0,6.0,4.0,57.5,55.833333333333336,1.0,0.0,1.0,0.0,1.0,0.0
P072,ensr,B19,1,2,1,1,0,0,3.0,8.0,5.0,9.0,12.0,0.0,5.857142857142857,6.6,5.4,3.0,80.0,52.5,0.0,0.0,1.0,0.0,1.0,0.0
P073,ensr,B04,0,5,1,1,0,0,8.0,9.0,1.0,8.0,10.0,0.0,5.142857142857143,5.0,5.0,3.2,52.5,45.833333333333336,0.0,0.0,1.0,1.0,0.0,0.0
P074,b4,B18,1,1,1,1,0,0,3.0,4.0,1.0,6.0,7.5,1.0,4.571428571428571,4.4,5.6,2.2,67.5,43.333333333333336,1.0,0.0,1.0,1.0,0.0,0.0
P075,ensr,B18,0,3,1,1,0,0,1.0,6.0,5.0,3.0,12.0,0.0,5.857142857142857,4.6,5.6,2.8,90.0,41.666666666666664,0.0,0.0,1.0,0.0,0.0,0.0
P076,ensr,B17,1,4,1,1,0,0,8.0,10.0,2.0,,13.0,2.0,3.857142857142857,6.0,5.8,2.6,87.5,23.333333333333332,0.0,0.0,0.0,,,
P077,ensr,B13,0,3,1,1,0,0,5.0,10.0,5.0,10.0,12.5,1.0,5.714285714285714,5.6,4.8,3.0,92.5,25.0,0.0,0.0,1.0,1.0,1.0,0.0
P078,ensr,B14,0,3,1,1,0,0,5.0,9.0,4.0,7.0,12.5,1.0,5.142857142857143,6.0,5.2,3.8,70.0,43.333333333333336,0.0,0.0,1.0,1.0,0.0,0.0
P079,b4,B10,1,4,1,0,1,0,7.0,,,,,,,,,,,,,0.0,0.0,,,
P080,b4,B02,1,2,1,1,0,0,2.0,7.0,5.0,,7.0,0.0,5.285714285714286,5.0,4.8,2.4,87.5,40.0,1.0,0.0,0.0,,,
