outcome,raw_p,holm_p,reject_0_05
post_total_adjusted,7.73767707894122e-06,7.737677078941221e-05,True
knowledge_gain,1.8372299654174744e-05,0.0001653506968875727,True
imi_interest,0.2879308444294193,1.0,False
imi_competence,0.6872673952830096,1.0,False
imi_choice,0.3763075128423228,1.0,False
imi_pressure,0.5406698020426779,1.0,False
sus_total,0.739041842768401,1.0,False
raw_tlx,0.7782052668288948,1.0,False
tlx_frustration,0.9684448154347441,1.0,False
rework_cost,8.435899421866205e-19,9.279489364052826e-18,True
duration_minutes,0.5477212414892376,1.0,False
