status,outcome,ensr_events,ensr_n,ensr_rate,b4_events,b4_n,b4_rate,risk_difference,risk_difference_ci95,risk_ratio,risk_ratio_ci95,fisher_p
complete,session_completed,39,40,0.975,39,40,0.975,0.0,"[-0.10583259147161321, 0.10583259147161321]",1.0,"[0.932226696155003, 1.0727004537893305]",1.0
complete,withdrawn,1,40,0.025,1,40,0.025,0.0,"[-0.10583259147161325, 0.10583259147161325]",1.0,"[0.06476492852675877, 15.440455548203566]",1.0
complete,technical_failure,0,40,0.0,2,40,0.05,-0.05,"[-0.16503877369140968, 0.04479709438986018]",,"[None, None]",0.49367088607594933
complete,data_loss,0,40,0.0,0,40,0.0,0.0,"[-0.08762160119728668, 0.08762160119728668]",,"[None, None]",1.0
complete,contamination,0,40,0.0,0,40,0.0,0.0,"[-0.08762160119728668, 0.08762160119728668]",,"[None, None]",1.0
complete,safety_issue_unresolved,0,40,0.0,0,40,0.0,0.0,"[-0.08762160119728668, 0.08762160119728668]",,"[None, None]",1.0
complete,consent_issue_unresolved,0,40,0.0,0,40,0.0,0.0,"[-0.08762160119728668, 0.08762160119728668]",,"[None, None]",1.0
complete,process_reel_completed,40,40,1.0,40,40,1.0,0.0,"[-0.08762160119728657, 0.08762160119728657]",1.0,"[1.0, 1.0]",1.0
complete,ai_pattern_used,13,40,0.325,9,40,0.225,0.1,"[-0.09474021071461394, 0.2853138362269558]",1.4444444444444444,"[0.6973463410643914, 2.991941923581075]",0.45306016202113236
complete,craft_3d_completed,39,40,0.975,39,40,0.975,0.0,"[-0.10583259147161321, 0.10583259147161321]",1.0,"[0.932226696155003, 1.0727004537893305]",1.0
complete,rework_cost,3,39,0.07692307692307693,39,39,1.0,-0.9230769230769231,"[-0.9734926046962203, -0.7681940274873863]",0.07692307692307693,"[0.025935003348618174, 0.22815342199016442]",8.435899421866205e-19
complete,locked_intent_violation,0,40,0.0,0,40,0.0,0.0,"[-0.08762160119728668, 0.08762160119728668]",,"[None, None]",1.0
complete,share_consent,27,39,0.6923076923076923,22,39,0.5641025641025641,0.1282051282051282,"[-0.08370210953335838, 0.3249654602693107]",1.2272727272727273,"[0.8680868689209379, 1.7350779064077941]",0.34882399164349287
complete,actual_showcase,22,39,0.5641025641025641,19,39,0.48717948717948717,0.07692307692307693,"[-0.13888083376403665, 0.28299728890713005]",1.1578947368421053,"[0.7577302655673986, 1.769389824494735]",0.6504968187007322
complete,teachback_completed,16,39,0.41025641025641024,18,39,0.46153846153846156,-0.05128205128205132,"[-0.2581341439234512, 0.1619690550106007]",0.8888888888888888,"[0.5356586317360794, 1.4750503585265096]",0.8195930577680929
complete,seven_day_returned,36,40,0.9,34,40,0.85,0.050000000000000044,"[-0.10276569544547295, 0.203145893388579]",1.0588235294117647,"[0.8967014723540538, 1.2502569706870381]",0.7370321270276575
complete,item_misunderstanding,1,39,0.02564102564102564,7,39,0.1794871794871795,-0.15384615384615385,"[-0.3025441176655832, -0.014847858189980662]",0.14285714285714285,"[0.018431609477431294, 1.1072371780823063]",0.056415203550067544
complete,followup_returned,36,40,0.9,34,40,0.85,0.050000000000000044,"[-0.10276569544547295, 0.203145893388579]",1.0588235294117647,"[0.8967014723540538, 1.2502569706870381]",0.7370321270276575
complete,followup_told_others,20,36,0.5555555555555556,6,34,0.17647058823529413,0.3790849673202614,"[0.15393258754031083, 0.5547434768203201]",3.148148148148148,"[1.439213069295057, 6.886288746351543]",0.0013123849106561013
complete,followup_reviewed_materials,9,36,0.25,6,34,0.17647058823529413,0.07352941176470587,"[-0.12097077894338032, 0.2591941520336172]",1.4166666666666665,"[0.5642583789814781, 3.5567827066513487]",0.5642971551131125
complete,followup_attempted_physical_craft,1,36,0.027777777777777776,1,34,0.029411764705882353,-0.0016339869281045763,"[-0.12354000531024911, 0.11482765156204391]",0.9444444444444444,"[0.06147656488329524, 14.509192410722147]",1.0
