status,outcome,ensr_n,b4_n,ensr_mean,ensr_sd,b4_mean,b4_sd,difference,ci95,p,hedges_g,hedges_g_ci95
complete,knowledge_gain,39,39,3.4358974358974357,1.7740063459637252,1.8205128205128205,1.5021352323976216,1.6153846153846168,"[0.8762998963138648, 2.3544693344553687]",1.8372299654174744e-05,0.973042111295856,"[0.5071529078807799, 1.4389313147109322]"
complete,delayed_total,36,34,7.722222222222222,1.7826322609494583,6.588235294117647,2.189750879131225,1.1339869281045758,"[0.1816441769700322, 2.0863296792391193]",0.019606415450155613,0.5633559124066415,"[0.09025249497003773, 1.0364593298432454]"
complete,delayed_minus_pre,36,34,2.888888888888889,1.7366269075057588,1.2647058823529411,1.441985658093092,1.6241830065359477,"[0.8671760578053717, 2.3811899552665237]",2.6089012259595266e-05,1.0036083200126709,"[0.5103402861187392, 1.4968763539066026]"
complete,delayed_minus_post,36,34,-0.5,1.2535663410560174,-0.4411764705882353,1.1332756617391007,-0.0588235294117649,"[-0.626254452011889, 0.5086073931883591]",0.838992437827185,-0.04861059156893588,"[-0.51221476035238, 0.41499357721450825]"
complete,imi_interest,39,39,5.336996336996337,0.8011050232713635,5.153846153846153,0.697844321831892,0.183150183150186,"[-0.15464723055831153, 0.5209475968586835]",0.2879308444294193,0.24137981712001244,"[-0.1997504360832814, 0.6825100703233062]"
complete,imi_competence,39,39,4.994871794871795,0.8006407690254357,4.923076923076924,0.7533998513620696,0.0717948717948741,"[-0.2777510432877721, 0.4213407868775203]",0.6872673952830096,0.0914406090161683,"[-0.34825777839941996, 0.5311389964317565]"
complete,imi_choice,39,39,5.092307692307693,0.8871553045622596,5.241025641025642,0.5354378182571465,-0.14871794871794658,"[-0.47818007206464896, 0.1807441746287558]",0.3763075128423228,-0.20095916161299718,"[-0.6415769280857754, 0.239658604859781]"
complete,imi_pressure,39,39,3.0410256410256413,0.6327541921996952,2.9487179487179485,0.681666608924038,0.09230769230769359,"[-0.2034092476216121, 0.3880246322369993]",0.5406698020426779,0.13896697596657065,"[-0.3010460121859906, 0.5789799641191319]"
complete,sus_total,39,39,75.51282051282051,9.12593699550265,74.74358974358974,10.924304021473231,0.7692307692308047,"[-3.756626129366543, 5.295087667828152]",0.739041842768401,0.07566686597477952,"[-0.3639557593865067, 0.5152894913360657]"
complete,raw_tlx,39,39,39.67948717948718,9.310308741008617,40.32051282051282,10.495082712089658,-0.6410256410256214,"[-5.101698825993932, 3.8196475439426885]",0.7782052668288948,-0.0639771534412514,"[-0.5035528534142713, 0.3755985465317685]"
complete,tlx_mental,39,39,53.97435897435897,12.730996528339343,56.41025641025641,14.186201503236106,-2.435897435897412,"[-8.496347561204598, 3.6245526894097724]",0.43082831258353915,-0.17893859931861367,"[-0.6193163775402117, 0.26143917890298435]"
complete,tlx_physical,39,39,26.41025641025641,11.63867859364661,22.564102564102566,13.75881511077032,3.846153846153858,"[-1.8836548436089493, 9.575962535916664]",0.18829739129239564,0.29883843066091187,"[-0.1431801213136512, 0.740856982635475]"
complete,tlx_temporal,39,39,37.17948717948718,13.068386512721604,41.15384615384615,12.378968712972867,-3.9743589743589585,"[-9.697616246191409, 1.7488982974734917]",0.17350003452380725,-0.30915319500055666,"[-0.751351000175248, 0.13304461017413471]"
complete,tlx_performance_dissatisfaction,39,39,32.05128205128205,13.21472208909585,32.94871794871795,12.339386485535098,-0.8974358974358827,"[-6.64596416140044, 4.8510923665286745]",0.7596188988985975,-0.0695019009357449,"[-0.5090988001328476, 0.37009499826135783]"
complete,tlx_effort,39,39,53.205128205128204,14.3951371306232,53.46153846153846,13.962065436569933,-0.2564102564102275,"[-6.6325132078581195, 6.1196926950376636]",0.9371769892829304,-0.017903172202775687,"[-0.45737040613951163, 0.4215640617339602]"
complete,tlx_frustration,39,39,35.256410256410255,13.85776990625219,35.38461538461539,14.390448924300971,-0.12820512820511354,"[-6.480191613089281, 6.223781356679054]",0.9684448154347441,-0.008985572418490646,"[-0.4484459113600003, 0.430474766523019]"
complete,duration_minutes,40,40,59.282500000000006,7.2501772745789115,60.3275,8.079254455957093,-1.0449999999999946,"[-4.451913375598143, 2.361913375598154]",0.5477212414892376,-0.1348268263635822,"[-0.5693838438189153, 0.2997301910917509]"
complete,craft_draw_count,40,40,7.075,3.5401542773857058,8.8,4.6199123090800915,-1.7249999999999994,"[-3.5516849790740768, 0.10168497907407792]",0.06418971918576521,-0.41509409440300776,"[-0.853996389062516, 0.02380820025650049]"
complete,craft_pierce_count,40,40,18.225,6.103750423368344,19.2,6.9658507680739845,-0.9749999999999992,"[-3.881737995419752, 1.9317379954197538]",0.5109070931948709,-0.1474415340952883,"[-0.5820994303183953, 0.28721636212781865]"
complete,craft_assemble_count,40,40,5.85,0.9486832980505138,5.85,0.9486832980505138,2.6645352591003757e-15,"[-0.4210678085732151, 0.4210678085732204]",0.9999999999999901,0.0,"[-0.43404164522735467, 0.43404164522735467]"
complete,kg_unknown_material_view_count,40,40,1.3,1.2025613689761725,0.475,0.6400120191179104,0.8250000000000003,"[0.3974589963970407, 1.2525410036029598]",0.00015555843198759693,0.8481980877240145,"[0.39420599432027104, 1.302190181127758]"
complete,facilitator_help_count,40,40,0.575,0.7120753345337009,0.475,0.6788942744621108,0.1,"[-0.20877488026166738, 0.4087748802616674]",0.5255882178608693,0.14235710608375998,"[-0.292259048521769, 0.5769732606892889]"
complete,followup_knowledge_total,36,34,7.722222222222222,1.7826322609494583,6.588235294117647,2.189750879131225,1.1339869281045758,"[0.1816441769700322, 2.0863296792391193]",0.019606415450155613,0.5633559124066415,"[0.09025249497003773, 1.0364593298432454]"
complete,followup_actual_day,36,34,7.333333333333333,0.6761234037828132,7.264705882352941,0.7096231833787506,0.06862745098039297,"[-0.2612105073780418, 0.39846540933882774]",0.6834218206125398,0.09799220116993311,"[-0.36583246331421465, 0.5618168656540808]"
