task_id,paired_episodes,without_kg_mean_score,with_kg_mean_score,score_delta,without_kg_success_rate,with_kg_success_rate,success_delta,rank
4-1,2,25.0,100.0,75.0,0.0,1.0,1.0,1
4-2,2,25.0,100.0,75.0,0.0,1.0,1.0,2
4-3,2,25.0,100.0,75.0,0.0,1.0,1.0,3
7-1,2,50.0,100.0,50.0,0.0,1.0,1.0,4
7-3,2,33.0,83.0,50.0,0.0,0.0,0.0,5
1-1,2,39.0,70.0,31.0,0.0,0.5,0.5,6
2-3,2,87.5,100.0,12.5,0.5,1.0,0.5,7
9-1,2,15.0,17.5,2.5,0.0,0.0,0.0,8
9-2,2,5.0,7.5,2.5,0.0,0.0,0.0,9
8-2,2,8.0,10.0,2.0,0.0,0.0,0.0,10
2-2,2,76.5,77.5,1.0,0.0,0.0,0.0,11
10-2,2,12.5,12.5,0.0,0.0,0.5,0.5,12
1-4,2,84.5,84.5,0.0,1.0,1.0,0.0,13
2-1,2,82.0,82.0,0.0,0.0,0.0,0.0,14
3-1,2,63.0,63.0,0.0,0.0,0.0,0.0,15
3-2,2,43.0,43.0,0.0,0.0,0.0,0.0,16
3-3,2,100.0,100.0,0.0,1.0,1.0,0.0,17
3-4,2,100.0,100.0,0.0,1.0,1.0,0.0,18
4-4,2,25.0,25.0,0.0,0.0,0.0,0.0,19
6-1,2,25.0,25.0,0.0,0.0,0.0,0.0,20
6-2,2,30.0,30.0,0.0,0.0,0.0,0.0,21
7-2,2,50.0,50.0,0.0,0.0,0.0,0.0,22
8-1,2,9.0,9.0,0.0,0.0,0.0,0.0,23
9-3,2,10.0,10.0,0.0,0.0,0.0,0.0,24
10-1,2,13.5,13.0,-0.5,0.0,0.0,0.0,25
5-1,2,7.0,6.5,-0.5,0.0,0.0,0.0,26
5-2,2,15.5,14.5,-1.0,0.0,0.0,0.0,27
1-3,2,53.0,50.5,-2.5,1.0,0.5,-0.5,28
6-3,2,8.0,3.0,-5.0,0.0,0.0,0.0,29
1-2,2,70.5,34.0,-36.5,0.0,0.0,0.0,30
