perturbed_weight,relative_change,normalized_severity,normalized_uncertainty,normalized_novelty,normalized_escalation,normalized_budget_ratio,scheduled_retrievals,first_debt_anchors,changed_decisions,decision_agreement
severity,-0.2,0.36681222707423583,0.25109170305676853,0.2183406113537118,0.1091703056768559,0.05458515283842795,65,57,0,1.0
severity,-0.1,0.394572025052192,0.24008350730688935,0.20876826722338204,0.10438413361169102,0.05219206680584551,65,57,0,1.0
severity,0.1,0.44337811900191937,0.22072936660268713,0.19193857965451055,0.09596928982725528,0.04798464491362764,65,57,0,1.0
severity,0.2,0.46494464944649444,0.2121771217712177,0.18450184501845018,0.09225092250922509,0.046125461254612546,65,57,0,1.0
uncertainty,-0.2,0.440251572327044,0.1928721174004193,0.20964360587002095,0.10482180293501048,0.05241090146750524,65,57,0,1.0
uncertainty,-0.1,0.4298874104401228,0.21187308085977485,0.2047082906857728,0.1023541453428864,0.0511770726714432,65,57,0,1.0
uncertainty,0.1,0.41055718475073316,0.24731182795698933,0.19550342130987294,0.09775171065493647,0.048875855327468236,65,57,0,1.0
uncertainty,0.2,0.4015296367112811,0.26386233269598475,0.1912045889101339,0.09560229445506695,0.04780114722753347,65,57,0,1.0
novelty,-0.2,0.43749999999999994,0.23958333333333331,0.16666666666666669,0.10416666666666666,0.05208333333333333,65,57,0,1.0
novelty,-0.1,0.4285714285714285,0.2346938775510204,0.1836734693877551,0.10204081632653061,0.05102040816326531,65,57,0,1.0
novelty,0.1,0.4117647058823529,0.22549019607843138,0.21568627450980393,0.09803921568627451,0.049019607843137254,65,57,0,1.0
novelty,0.2,0.4038461538461538,0.22115384615384615,0.23076923076923075,0.09615384615384616,0.04807692307692308,65,57,0,1.0
escalation,-0.2,0.4285714285714285,0.23469387755102036,0.2040816326530612,0.08163265306122448,0.0510204081632653,65,57,0,1.0
escalation,-0.1,0.4242424242424242,0.23232323232323232,0.20202020202020202,0.09090909090909091,0.050505050505050504,65,57,0,1.0
escalation,0.1,0.4158415841584158,0.22772277227722773,0.19801980198019803,0.10891089108910892,0.04950495049504951,65,57,0,1.0
escalation,0.2,0.4117647058823529,0.22549019607843138,0.19607843137254902,0.11764705882352941,0.049019607843137254,65,57,0,1.0
budget_ratio,-0.2,0.4242424242424242,0.23232323232323232,0.20202020202020202,0.10101010101010101,0.04040404040404041,65,57,0,1.0
budget_ratio,-0.1,0.42211055276381904,0.23115577889447234,0.20100502512562812,0.10050251256281406,0.04522613065326633,65,57,0,1.0
budget_ratio,0.1,0.41791044776119396,0.2288557213930348,0.1990049751243781,0.09950248756218905,0.05472636815920398,65,57,0,1.0
budget_ratio,0.2,0.4158415841584158,0.22772277227722773,0.19801980198019803,0.09900990099009901,0.0594059405940594,65,57,0,1.0
