rank,task_id,variation,ensr_minus_iper_score,b4_sequential_planner_successes_of_3,b4_sequential_planner_mean_score,iper_rag_successes_of_3,iper_rag_mean_score,ensr_v2_successes_of_3,ensr_v2_mean_score
1,1-2,26,99.33333333333333,0,0.0,0,0.6666666666666666,3,100.0
2,7-1,120,83.33333333333333,0,0.0,0,16.666666666666668,3,100.0
3,2-1,472,79.0,0,14.333333333333334,0,0.0,0,79.0
4,1-4,29,72.0,0,0.0,0,0.0,3,72.0
5,1-1,25,70.0,0,0.0,0,0.0,0,70.0
6,7-2,97,50.0,0,0.0,0,0.0,0,50.0
7,1-3,29,49.666666666666664,0,0.0,0,0.0,2,49.666666666666664
8,7-3,119,49.666666666666664,0,17.0,1,33.333333333333336,0,83.0
9,2-2,399,43.0,0,0.0,0,0.0,0,43.0
10,2-3,243,40.666666666666664,0,0.0,1,33.333333333333336,0,74.0
11,3-4,552,38.666666666666664,1,74.66666666666667,0,61.333333333333336,3,100.0
12,3-3,715,31.333333333333336,0,55.0,0,56.666666666666664,2,88.0
13,4-3,246,30.33333333333333,0,72.33333333333333,0,69.66666666666667,3,100.0
14,4-1,268,25.0,0,66.66666666666667,0,75.0,3,100.0
15,4-4,271,25.0,0,0.0,0,0.0,0,25.0
16,6-2,32,20.0,1,33.333333333333336,0,20.0,0,40.0
17,3-2,19,10.0,0,0.0,0,0.0,0,10.0
18,10-1,115,8.666666666666668,0,0.0,0,3.6666666666666665,1,12.333333333333334
19,4-2,252,8.333333333333329,2,75.0,2,91.66666666666667,3,100.0
20,8-1,9,8.0,0,0.0,0,0.0,2,8.0
21,8-2,7,8.0,0,0.0,0,0.0,0,8.0
22,9-2,1046,0.0,0,5.0,0,5.0,0,5.0
23,5-2,105,-1.0,3,100.0,0,19.0,0,18.0
24,10-2,441,-2.0,0,11.666666666666666,0,11.0,0,9.0
25,6-1,28,-8.0,0,11.333333333333334,0,33.0,0,25.0
26,6-3,32,-12.333333333333334,0,0.0,0,26.666666666666668,0,14.333333333333334
27,9-1,151,-20.0,0,0.0,0,30.0,0,10.0
28,9-3,141,-23.333333333333332,0,10.0,0,30.0,0,6.666666666666667
29,5-1,124,-24.333333333333332,0,12.333333333333334,0,29.333333333333332,0,5.0
30,3-1,15,-28.66666666666667,3,100.0,3,100.0,1,71.33333333333333
