method,task_id,variation,seed,score,success,status
b4_sequential_planner,10-1,115,13,0.0,0,adapter_error
b4_sequential_planner,10-1,115,31,0.0,0,adapter_error
b4_sequential_planner,10-1,115,53,0.0,0,adapter_error
b4_sequential_planner,10-2,441,13,12.0,0,invalid_decision_limit
b4_sequential_planner,10-2,441,31,12.0,0,invalid_decision_limit
b4_sequential_planner,10-2,441,53,11.0,0,adapter_error
b4_sequential_planner,1-1,25,13,0.0,0,invalid_decision_limit
b4_sequential_planner,1-1,25,31,0.0,0,adapter_error
b4_sequential_planner,1-1,25,53,0.0,0,invalid_decision_limit
b4_sequential_planner,1-2,26,13,0.0,0,invalid_decision_limit
b4_sequential_planner,1-2,26,31,0.0,0,invalid_decision_limit
b4_sequential_planner,1-2,26,53,0.0,0,invalid_decision_limit
b4_sequential_planner,1-3,29,13,0.0,0,invalid_decision_limit
b4_sequential_planner,1-3,29,31,0.0,0,invalid_decision_limit
b4_sequential_planner,1-3,29,53,0.0,0,invalid_decision_limit
b4_sequential_planner,1-4,29,13,0.0,0,adapter_error
b4_sequential_planner,1-4,29,31,0.0,0,invalid_decision_limit
b4_sequential_planner,1-4,29,53,0.0,0,invalid_decision_limit
b4_sequential_planner,2-1,472,13,43.0,0,invalid_decision_limit
b4_sequential_planner,2-1,472,31,0.0,0,terminal_failure
b4_sequential_planner,2-1,472,53,0.0,0,terminal_failure
b4_sequential_planner,2-2,399,13,0.0,0,terminal_failure
b4_sequential_planner,2-2,399,31,0.0,0,terminal_failure
b4_sequential_planner,2-2,399,53,0.0,0,terminal_failure
b4_sequential_planner,2-3,243,13,0.0,0,terminal_failure
b4_sequential_planner,2-3,243,31,0.0,0,terminal_failure
b4_sequential_planner,2-3,243,53,0.0,0,terminal_failure
b4_sequential_planner,3-1,15,13,100.0,1,terminal_success
b4_sequential_planner,3-1,15,31,100.0,1,terminal_success
b4_sequential_planner,3-1,15,53,100.0,1,terminal_success
b4_sequential_planner,3-2,19,13,0.0,0,terminal_failure
b4_sequential_planner,3-2,19,31,0.0,0,terminal_failure
b4_sequential_planner,3-2,19,53,0.0,0,terminal_failure
b4_sequential_planner,3-3,715,13,55.0,0,invalid_decision_limit
b4_sequential_planner,3-3,715,31,55.0,0,adapter_error
b4_sequential_planner,3-3,715,53,55.0,0,invalid_decision_limit
b4_sequential_planner,3-4,552,13,100.0,1,terminal_success
b4_sequential_planner,3-4,552,31,55.0,0,adapter_error
b4_sequential_planner,3-4,552,53,69.0,0,invalid_decision_limit
b4_sequential_planner,4-1,268,13,75.0,0,invalid_decision_limit
b4_sequential_planner,4-1,268,31,75.0,0,invalid_decision_limit
b4_sequential_planner,4-1,268,53,50.0,0,adapter_error
b4_sequential_planner,4-2,252,13,100.0,1,terminal_success
b4_sequential_planner,4-2,252,31,25.0,0,adapter_error
b4_sequential_planner,4-2,252,53,100.0,1,terminal_success
b4_sequential_planner,4-3,246,13,75.0,0,invalid_decision_limit
b4_sequential_planner,4-3,246,31,67.0,0,invalid_decision_limit
b4_sequential_planner,4-3,246,53,75.0,0,adapter_error
b4_sequential_planner,4-4,271,13,0.0,0,adapter_error
b4_sequential_planner,4-4,271,31,0.0,0,terminal_failure
b4_sequential_planner,4-4,271,53,0.0,0,terminal_failure
b4_sequential_planner,5-1,124,13,29.0,0,adapter_error
b4_sequential_planner,5-1,124,31,4.0,0,adapter_error
b4_sequential_planner,5-1,124,53,4.0,0,adapter_error
b4_sequential_planner,5-2,105,13,100.0,1,terminal_success
b4_sequential_planner,5-2,105,31,100.0,1,terminal_success
b4_sequential_planner,5-2,105,53,100.0,1,terminal_success
b4_sequential_planner,6-1,28,13,17.0,0,adapter_error
b4_sequential_planner,6-1,28,31,17.0,0,invalid_decision_limit
b4_sequential_planner,6-1,28,53,0.0,0,terminal_failure
b4_sequential_planner,6-2,32,13,100.0,1,terminal_success
b4_sequential_planner,6-2,32,31,0.0,0,terminal_failure
b4_sequential_planner,6-2,32,53,0.0,0,terminal_failure
b4_sequential_planner,6-3,32,13,0.0,0,terminal_failure
b4_sequential_planner,6-3,32,31,0.0,0,terminal_failure
b4_sequential_planner,6-3,32,53,0.0,0,terminal_failure
b4_sequential_planner,7-1,120,13,0.0,0,terminal_failure
b4_sequential_planner,7-1,120,31,0.0,0,terminal_failure
b4_sequential_planner,7-1,120,53,0.0,0,terminal_failure
b4_sequential_planner,7-2,97,13,0.0,0,terminal_failure
b4_sequential_planner,7-2,97,31,0.0,0,terminal_failure
b4_sequential_planner,7-2,97,53,0.0,0,terminal_failure
b4_sequential_planner,7-3,119,13,17.0,0,invalid_decision_limit
b4_sequential_planner,7-3,119,31,17.0,0,invalid_decision_limit
b4_sequential_planner,7-3,119,53,17.0,0,invalid_decision_limit
b4_sequential_planner,8-1,9,13,0.0,0,terminal_failure
b4_sequential_planner,8-1,9,31,0.0,0,terminal_failure
b4_sequential_planner,8-1,9,53,0.0,0,terminal_failure
b4_sequential_planner,8-2,7,13,0.0,0,terminal_failure
b4_sequential_planner,8-2,7,31,0.0,0,terminal_failure
b4_sequential_planner,8-2,7,53,0.0,0,terminal_failure
b4_sequential_planner,9-1,151,13,0.0,0,invalid_decision_limit
b4_sequential_planner,9-1,151,31,0.0,0,invalid_decision_limit
b4_sequential_planner,9-1,151,53,0.0,0,invalid_decision_limit
b4_sequential_planner,9-2,1046,13,5.0,0,invalid_decision_limit
b4_sequential_planner,9-2,1046,31,5.0,0,invalid_decision_limit
b4_sequential_planner,9-2,1046,53,5.0,0,invalid_decision_limit
b4_sequential_planner,9-3,141,13,0.0,0,adapter_error
b4_sequential_planner,9-3,141,31,30.0,0,invalid_decision_limit
b4_sequential_planner,9-3,141,53,0.0,0,invalid_decision_limit
iper_rag,10-1,115,13,0.0,0,invalid_decision_limit
iper_rag,10-1,115,31,0.0,0,terminal_failure
iper_rag,10-1,115,53,11.0,0,adapter_error
iper_rag,10-2,441,13,11.0,0,adapter_error
iper_rag,10-2,441,31,11.0,0,invalid_decision_limit
iper_rag,10-2,441,53,11.0,0,model_budget_exhausted
iper_rag,1-1,25,13,0.0,0,invalid_decision_limit
iper_rag,1-1,25,31,0.0,0,invalid_decision_limit
iper_rag,1-1,25,53,0.0,0,invalid_decision_limit
iper_rag,1-2,26,13,2.0,0,invalid_decision_limit
iper_rag,1-2,26,31,0.0,0,adapter_error
iper_rag,1-2,26,53,0.0,0,adapter_error
iper_rag,1-3,29,13,0.0,0,invalid_decision_limit
iper_rag,1-3,29,31,0.0,0,invalid_decision_limit
iper_rag,1-3,29,53,0.0,0,invalid_decision_limit
iper_rag,1-4,29,13,0.0,0,model_budget_exhausted
iper_rag,1-4,29,31,0.0,0,invalid_decision_limit
iper_rag,1-4,29,53,0.0,0,invalid_decision_limit
iper_rag,2-1,472,13,0.0,0,adapter_error
iper_rag,2-1,472,31,0.0,0,adapter_error
iper_rag,2-1,472,53,0.0,0,terminal_failure
iper_rag,2-2,399,13,0.0,0,terminal_failure
iper_rag,2-2,399,31,0.0,0,terminal_failure
iper_rag,2-2,399,53,0.0,0,terminal_failure
iper_rag,2-3,243,13,0.0,0,terminal_failure
iper_rag,2-3,243,31,100.0,1,terminal_success
iper_rag,2-3,243,53,0.0,0,terminal_failure
iper_rag,3-1,15,13,100.0,1,terminal_success
iper_rag,3-1,15,31,100.0,1,terminal_success
iper_rag,3-1,15,53,100.0,1,terminal_success
iper_rag,3-2,19,13,0.0,0,terminal_failure
iper_rag,3-2,19,31,0.0,0,terminal_failure
iper_rag,3-2,19,53,0.0,0,terminal_failure
iper_rag,3-3,715,13,55.0,0,invalid_decision_limit
iper_rag,3-3,715,31,60.0,0,invalid_decision_limit
iper_rag,3-3,715,53,55.0,0,invalid_decision_limit
iper_rag,3-4,552,13,69.0,0,model_budget_exhausted
iper_rag,3-4,552,31,55.0,0,model_budget_exhausted
iper_rag,3-4,552,53,60.0,0,adapter_error
iper_rag,4-1,268,13,75.0,0,invalid_decision_limit
iper_rag,4-1,268,31,75.0,0,invalid_decision_limit
iper_rag,4-1,268,53,75.0,0,invalid_decision_limit
iper_rag,4-2,252,13,100.0,1,terminal_success
iper_rag,4-2,252,31,100.0,1,terminal_success
iper_rag,4-2,252,53,75.0,0,invalid_decision_limit
iper_rag,4-3,246,13,67.0,0,adapter_error
iper_rag,4-3,246,31,75.0,0,invalid_decision_limit
iper_rag,4-3,246,53,67.0,0,adapter_error
iper_rag,4-4,271,13,0.0,0,terminal_failure
iper_rag,4-4,271,31,0.0,0,terminal_failure
iper_rag,4-4,271,53,0.0,0,terminal_failure
iper_rag,5-1,124,13,29.0,0,adapter_error
iper_rag,5-1,124,31,29.0,0,model_budget_exhausted
iper_rag,5-1,124,53,30.0,0,model_budget_exhausted
iper_rag,5-2,105,13,18.0,0,invalid_decision_limit
iper_rag,5-2,105,31,21.0,0,invalid_decision_limit
iper_rag,5-2,105,53,18.0,0,adapter_error
iper_rag,6-1,28,13,33.0,0,model_budget_exhausted
iper_rag,6-1,28,31,33.0,0,adapter_error
iper_rag,6-1,28,53,33.0,0,adapter_error
iper_rag,6-2,32,13,20.0,0,adapter_error
iper_rag,6-2,32,31,20.0,0,adapter_error
iper_rag,6-2,32,53,20.0,0,model_budget_exhausted
iper_rag,6-3,32,13,0.0,0,terminal_failure
iper_rag,6-3,32,31,0.0,0,terminal_failure
iper_rag,6-3,32,53,80.0,0,adapter_error
iper_rag,7-1,120,13,0.0,0,terminal_failure
iper_rag,7-1,120,31,50.0,0,adapter_error
iper_rag,7-1,120,53,0.0,0,terminal_failure
iper_rag,7-2,97,13,0.0,0,terminal_failure
iper_rag,7-2,97,31,0.0,0,terminal_failure
iper_rag,7-2,97,53,0.0,0,terminal_failure
iper_rag,7-3,119,13,100.0,1,terminal_success
iper_rag,7-3,119,31,0.0,0,terminal_failure
iper_rag,7-3,119,53,0.0,0,terminal_failure
iper_rag,8-1,9,13,0.0,0,terminal_failure
iper_rag,8-1,9,31,0.0,0,terminal_failure
iper_rag,8-1,9,53,0.0,0,terminal_failure
iper_rag,8-2,7,13,0.0,0,terminal_failure
iper_rag,8-2,7,31,0.0,0,terminal_failure
iper_rag,8-2,7,53,0.0,0,terminal_failure
iper_rag,9-1,151,13,30.0,0,invalid_decision_limit
iper_rag,9-1,151,31,30.0,0,invalid_decision_limit
iper_rag,9-1,151,53,30.0,0,invalid_decision_limit
iper_rag,9-2,1046,13,5.0,0,invalid_decision_limit
iper_rag,9-2,1046,31,5.0,0,invalid_decision_limit
iper_rag,9-2,1046,53,5.0,0,adapter_error
iper_rag,9-3,141,13,30.0,0,invalid_decision_limit
iper_rag,9-3,141,31,30.0,0,invalid_decision_limit
iper_rag,9-3,141,53,30.0,0,adapter_error
ensr_v2,10-1,115,13,11.0,0,plan_exhausted
ensr_v2,10-1,115,31,13.0,0,environment_budget_exhausted
ensr_v2,10-1,115,53,13.0,1,terminal_success
ensr_v2,10-2,441,13,13.0,0,environment_budget_exhausted
ensr_v2,10-2,441,31,1.0,0,plan_exhausted
ensr_v2,10-2,441,53,13.0,0,environment_budget_exhausted
ensr_v2,1-1,25,13,70.0,0,environment_budget_exhausted
ensr_v2,1-1,25,31,70.0,0,environment_budget_exhausted
ensr_v2,1-1,25,53,70.0,0,environment_budget_exhausted
ensr_v2,1-2,26,13,100.0,1,terminal_success
ensr_v2,1-2,26,31,100.0,1,terminal_success
ensr_v2,1-2,26,53,100.0,1,terminal_success
ensr_v2,1-3,29,13,53.0,1,terminal_success
ensr_v2,1-3,29,31,43.0,0,plan_exhausted
ensr_v2,1-3,29,53,53.0,1,terminal_success
ensr_v2,1-4,29,13,72.0,1,terminal_success
ensr_v2,1-4,29,31,72.0,1,terminal_success
ensr_v2,1-4,29,53,72.0,1,terminal_success
ensr_v2,2-1,472,13,79.0,0,plan_exhausted
ensr_v2,2-1,472,31,79.0,0,plan_exhausted
ensr_v2,2-1,472,53,79.0,0,plan_exhausted
ensr_v2,2-2,399,13,43.0,0,environment_budget_exhausted
ensr_v2,2-2,399,31,43.0,0,environment_budget_exhausted
ensr_v2,2-2,399,53,43.0,0,environment_budget_exhausted
ensr_v2,2-3,243,13,74.0,0,environment_budget_exhausted
ensr_v2,2-3,243,31,74.0,0,environment_budget_exhausted
ensr_v2,2-3,243,53,74.0,0,environment_budget_exhausted
ensr_v2,3-1,15,13,57.0,0,plan_exhausted
ensr_v2,3-1,15,31,100.0,1,terminal_success
ensr_v2,3-1,15,53,57.0,0,plan_exhausted
ensr_v2,3-2,19,13,10.0,0,environment_budget_exhausted
ensr_v2,3-2,19,31,10.0,0,plan_exhausted
ensr_v2,3-2,19,53,10.0,0,environment_budget_exhausted
ensr_v2,3-3,715,13,100.0,1,terminal_success
ensr_v2,3-3,715,31,64.0,0,environment_budget_exhausted
ensr_v2,3-3,715,53,100.0,1,terminal_success
ensr_v2,3-4,552,13,100.0,1,terminal_success
ensr_v2,3-4,552,31,100.0,1,terminal_success
ensr_v2,3-4,552,53,100.0,1,terminal_success
ensr_v2,4-1,268,13,100.0,1,terminal_success
ensr_v2,4-1,268,31,100.0,1,terminal_success
ensr_v2,4-1,268,53,100.0,1,terminal_success
ensr_v2,4-2,252,13,100.0,1,terminal_success
ensr_v2,4-2,252,31,100.0,1,terminal_success
ensr_v2,4-2,252,53,100.0,1,terminal_success
ensr_v2,4-3,246,13,100.0,1,terminal_success
ensr_v2,4-3,246,31,100.0,1,terminal_success
ensr_v2,4-3,246,53,100.0,1,terminal_success
ensr_v2,4-4,271,13,25.0,0,environment_budget_exhausted
ensr_v2,4-4,271,31,25.0,0,environment_budget_exhausted
ensr_v2,4-4,271,53,25.0,0,environment_budget_exhausted
ensr_v2,5-1,124,13,5.0,0,plan_exhausted
ensr_v2,5-1,124,31,5.0,0,plan_exhausted
ensr_v2,5-1,124,53,5.0,0,plan_exhausted
ensr_v2,5-2,105,13,18.0,0,plan_exhausted
ensr_v2,5-2,105,31,18.0,0,plan_exhausted
ensr_v2,5-2,105,53,18.0,0,plan_exhausted
ensr_v2,6-1,28,13,25.0,0,environment_budget_exhausted
ensr_v2,6-1,28,31,25.0,0,environment_budget_exhausted
ensr_v2,6-1,28,53,25.0,0,environment_budget_exhausted
ensr_v2,6-2,32,13,40.0,0,environment_budget_exhausted
ensr_v2,6-2,32,31,40.0,0,environment_budget_exhausted
ensr_v2,6-2,32,53,40.0,0,environment_budget_exhausted
ensr_v2,6-3,32,13,17.0,0,plan_exhausted
ensr_v2,6-3,32,31,13.0,0,environment_budget_exhausted
ensr_v2,6-3,32,53,13.0,0,environment_budget_exhausted
ensr_v2,7-1,120,13,100.0,1,terminal_success
ensr_v2,7-1,120,31,100.0,1,terminal_success
ensr_v2,7-1,120,53,100.0,1,terminal_success
ensr_v2,7-2,97,13,50.0,0,environment_budget_exhausted
ensr_v2,7-2,97,31,50.0,0,plan_exhausted
ensr_v2,7-2,97,53,50.0,0,environment_budget_exhausted
ensr_v2,7-3,119,13,83.0,0,environment_budget_exhausted
ensr_v2,7-3,119,31,83.0,0,environment_budget_exhausted
ensr_v2,7-3,119,53,83.0,0,environment_budget_exhausted
ensr_v2,8-1,9,13,8.0,1,terminal_success
ensr_v2,8-1,9,31,8.0,0,environment_budget_exhausted
ensr_v2,8-1,9,53,8.0,1,terminal_success
ensr_v2,8-2,7,13,8.0,0,environment_budget_exhausted
ensr_v2,8-2,7,31,8.0,0,environment_budget_exhausted
ensr_v2,8-2,7,53,8.0,0,environment_budget_exhausted
ensr_v2,9-1,151,13,10.0,0,environment_budget_exhausted
ensr_v2,9-1,151,31,10.0,0,environment_budget_exhausted
ensr_v2,9-1,151,53,10.0,0,environment_budget_exhausted
ensr_v2,9-2,1046,13,5.0,0,environment_budget_exhausted
ensr_v2,9-2,1046,31,5.0,0,environment_budget_exhausted
ensr_v2,9-2,1046,53,5.0,0,environment_budget_exhausted
ensr_v2,9-3,141,13,5.0,0,environment_budget_exhausted
ensr_v2,9-3,141,31,10.0,0,environment_budget_exhausted
ensr_v2,9-3,141,53,5.0,0,environment_budget_exhausted
